Catégorie,Finess,Raison Sociale,Période,Nombre de séjoursséances total,Nombre de séjours en hospit complète,Nombre de séjours en hospit partielle,Nombre de séances,Sexe ratio (% homme),Age moyen,Durée moyenne de séjour,% décès
CH,010007987,CH HAUTEVILLE-LOMPNES,M12,494,492,1 à 10,0,"69,4 %","52,66","10,60","6,5 %"
CH,010008407,CH DU HAUT BUGEY,M12,10 227,6 863,3 364,164,"47,2 %","47,26","3,01","1,3 %"
CH,010009132,CHIC AIN VAL DE SAONE,M12,301,300,1 à 10,0,"40,2 %","81,86","19,32","6,6 %"
CH,010780054,CH BOURG EN BRESSE,M12,33 226,23 203,10 023,36 011,"50,7 %","59,15","1,86","1,2 %"
CH,010780062,CH BUGEY SUD,M12,7 348,5 500,1 848,970,"47,7 %","54,35","3,45","2,3 %"
CH,010780096,CH MONTPENSIER TREVOUX,M12,2 192,2 178,14,24,"39,0 %","81,80","8,90","11,6 %"
CH,010780120,CH DE MEXIMIEUX,M12,118,116,1 à 10,0,"33,9 %","82,96","13,51","15,3 %"
CH,010780138,CH DE PONT DE VAUX,M12,250,245,1 à 10,0,"40,8 %","85,14","12,42","16,4 %"
CH,020000022,CH DE GUISE,M12,1 179,964,215,0,"41,6 %","73,30","7,86","4,3 %"
CH,020000048,CH GERONTOLOGIQUE,M12,2 505,621,1 884,0,"33,9 %","81,30","3,87","5,4 %"
CH,020000055,CH NOUVION EN THIERACHE,M12,343,336,1 à 10,0,"33,2 %","79,87","16,08","9,9 %"
CH,020000063,CH DE SAINT QUENTIN,M12,33 881,22 783,11 098,45 194,"51,7 %","60,21","1,58","1,0 %"
CH,020000071,CH DE VERVINS,M12,595,592,1 à 10,0,"40,7 %","77,89","11,12","10,6 %"
CH,020000253,CH DE LAON,M12,14 891,11 126,3 765,8 538,"45,2 %","56,47","2,76","1,5 %"
CH,020000261,CH DE SOISSONS,M12,20 910,16 499,4 411,14 869,"50,1 %","57,45","2,49","1,6 %"
CH,020000287,CH DE CHAUNY,M12,12 090,7 476,4 614,1 320,"46,1 %","54,15","3,53","1,3 %"
CH,020004404,CH DE CHATEAU-THIERRY,M12,12 825,8 877,3 948,125,"43,7 %","54,55","4,22","2,1 %"
CH,020004495,CH BRISSET HIRSON,M12,2 922,1 724,1 198,0,"47,8 %","61,66","5,67","4,6 %"
CH,030002158,CH DPT COEUR DU BOURBONNAIS,M12,259,251,1 à 10,0,"35,9 %","80,06","16,78","8,1 %"
CH,030780092,CH MOULINS YZEURE,M12,19 353,15 632,3 721,23 791,"49,8 %","61,54","2,45","1,3 %"
CH,030780100,CH DE MONTLUCON NERIS-LES-BAINS,M12,21 443,16 902,4 541,9 970,"49,0 %","57,47","3,26","2,2 %"
CH,030780118,CH VICHY,M12,27 209,18 795,8 414,13 011,"50,3 %","60,20","2,63","1,7 %"
CH,030780126,CH DE BOURBON L'ARCHAMBAULT,M12,87,87,0,0,"43,7 %","84,28","27,53","8,0 %"
CH,040780132,EPS PIERRE GROUES DE BARCELONNETTE,M12,114,104,1 à 10,0,"40,4 %","81,25","9,78","4,4 %"
CH,040780140,EPS DUCELIA CASTELLANE,M12,70,64,1 à 10,0,"41,4 %","75,47","6,59","11,4 %"
CH,040780215,CHIC DE MANOSQUE LOUIS RAFFALLI,M12,13 332,10 303,3 029,5 218,"45,1 %","56,89","3,11","1,7 %"
CH,040780231,EPS LUMIERE DE RIEZ,M12,214,211,1 à 10,0,"41,1 %","78,60","5,13","5,1 %"
CH,040780249,EPS VALLEE DE LA BLANCHE,M12,46,45,1 à 10,0,"28,3 %","88,72","12,04","15,2 %"
CH,040788879,CH DIGNE,M12,11 041,6 679,4 362,1 473,"44,9 %","55,99","4,09","1,6 %"
CH,050000108,CH AIGUILLES QUEYRAS,M12,48,47,1 à 10,0,"43,8 %","82,88","14,35","10,4 %"
CH,050000116,CH DE BRIANCON,M12,7 695,5 222,2 473,4 094,"55,4 %","56,20","1,94","1,0 %"
CH,050000124,CH D'EMBRUN,M12,1 303,1 142,161,1 à 10,"48,7 %","70,72","6,37","4,4 %"
CH,050002948,CHICAS GAP-SISTERON,M12,21 848,17 418,4 430,12 510,"48,9 %","60,11","2,76","1,6 %"
CH,050007145,CH BUECH DURANCE,M12,30,30,0,0,"40,0 %","83,97","23,00","6,7 %"
CLCC,050007533,INSTITUT PAOLI CALMETTES RADIOTH GAP,M12,0,0,0,10 416,"39,1 %","65,78","0,00","0,0 %"
CLCC,060000528,CENTRE ANTOINE LACASSAGNE,M12,8 673,6 113,2 560,54 054,"42,3 %","63,44","0,56","0,5 %"
CH,060006889,HÔPITAUX DE LA VESUBIE,M12,121,120,1 à 10,0,"38,8 %","84,48","14,73","12,4 %"
CH,060780327,CH SAINT MAUR SAINT ETIENNE TINEE,M12,45,44,1 à 10,0,"28,9 %","80,31","10,96","8,9 %"
CH,060780657,CH DE BREIL SUR ROYA,M12,175,169,1 à 10,1 à 10,"41,3 %","79,42","8,66","4,5 %"
CH,060780780,CH DU PAYS DE LA ROUDOULE A PUGET,M12,70,68,1 à 10,0,"55,7 %","81,20","16,07","24,3 %"
CH,060780897,CH DE GRASSE,M12,19 442,15 454,3 988,2 500,"39,8 %","49,55","3,62","2,4 %"
CH,060780905,CH ST ELOI DE SOSPEL,M12,206,201,1 à 10,0,"41,3 %","79,93","15,78","13,1 %"
CH,060780921,CH ST LAZARE DE TENDE,M12,53,53,0,0,"49,1 %","80,70","15,25","13,2 %"
PSPH/EBNL,060780947,HÔPITAUX PEDIATRIQUES NICE CHU LENVAL,M12,13 504,7 802,5 702,305,"57,9 %","6,31","1,90","0,2 %"
CH,060780954,CH ANTIBES-JUAN LES PINS,M12,21 357,17 250,4 107,2 751,"47,0 %","56,43","4,13","3,5 %"
CH,060780988,CH DE CANNES,M12,29 498,20 055,9 443,12 295,"49,6 %","60,87","2,58","1,6 %"
CHR/U,060785011,CHU DE NICE,M12,84 844,58 621,26 223,45 204,"50,2 %","57,26","2,58","1,6 %"
CH,060791761,CH LA PALMOSA MENTON,M12,6 562,3 611,2 951,1 à 10,"44,5 %","64,88","4,12","2,1 %"
PSPH/EBNL,060791811,HÔPITAL PRIVÉ GERIATRIQUE LES SOURCES,M12,3 516,2 542,974,131,"41,8 %","80,87","8,01","6,9 %"
PSPH/EBNL,060794013,CENTRE CARDIO MEDICO CHIRURGICAL TZANCK,M12,4 877,4 014,863,0,"70,4 %","70,18","4,11","1,1 %"
PSPH/EBNL,070000096,HÔPITAL DE MOZE,M12,430,178,252,15,"47,2 %","69,17","4,97","6,5 %"
CH,070002878,CH DE PRIVAS ARDECHE,M12,5 721,3 985,1 736,1 210,"51,6 %","63,58","4,39","3,0 %"
CH,070004742,CH DE LARGENTIERE,M12,125,125,0,0,"24,8 %","84,66","11,86","6,4 %"
CH,070005558,CH BOURG SAINT ANDEOL,M12,137,137,0,0,"54,0 %","78,40","20,07","32,8 %"
CH,070005566,CH D'ARDECHE MERIDIONALE,M12,14 314,10 841,3 473,3 486,"47,6 %","57,74","3,35","2,0 %"
CH,070780101,CH JOS JULLIEN,M12,353,349,1 à 10,0,"41,9 %","82,46","12,14","11,3 %"
CH,070780119,CH VALLON PONT D'ARC,M12,203,200,1 à 10,0,"41,9 %","82,27","11,58","11,3 %"
CH,070780127,CH DE VILLENEUVE DE BERG,M12,186,185,1 à 10,0,"47,8 %","82,28","15,02","6,5 %"
CH,070780150,CH DU CHEYLARD,M12,383,347,36,0,"40,2 %","78,85","13,93","9,4 %"
CH,070780218,CH LEOPOLD OLLIER,M12,284,279,1 à 10,0,"38,7 %","80,30","14,07","12,3 %"
CH,070780358,CH D'ARDECHE NORD,M12,15 645,10 647,4 998,14 838,"54,1 %","63,34","2,06","1,2 %"
CH,070780366,CH DE LAMASTRE,M12,328,317,11,0,"45,4 %","75,34","10,01","7,0 %"
CH,070780374,CH DE TOURNON,M12,1 621,1 615,1 à 10,0,"33,3 %","45,13","7,93","4,3 %"
CH,070780382,CH DE SAINT FELICIEN,M12,184,182,1 à 10,1 à 10,"44,9 %","84,05","15,16","7,6 %"
CH,080000037,CH DE SEDAN,M12,12 510,8 685,3 825,215,"44,5 %","45,28","3,47","1,6 %"
CH,080000060,HL FUMAY,M12,295,269,26,0,"32,9 %","76,83","14,42","3,1 %"
CH,080000078,HL NOUZONVILLE,M12,150,150,0,0,"38,7 %","80,79","16,27","11,3 %"
CH,080000615,CH CHARLEVILLE MEZIERES,M12,28 463,20 784,7 679,17 141,"49,0 %","56,87","2,83","1,6 %"
CH,080001969,GROUPEMENT HOSPITALIER SUD ARDENNES,M12,8 401,4 443,3 958,1 à 10,"47,9 %","59,34","3,58","2,9 %"
PSPH/EBNL,080010267,GCS TERRITORIAL ARDENNE NORD,M12,0,0,0,1 642,"34,6 %","60,39","0,00","0,0 %"
PSPH/EBNL,080010465,GCS TERRIT ARDEN NORD SITE CH SEDAN,M12,959,152,807,0,"41,0 %","46,45","0,81","0,0 %"
PSPH/EBNL,080010473,GCS TERRIT ARDEN NORD SITE CH CHARLEVI,M12,9 773,2 667,7 106,334,"46,6 %","55,09","1,35","0,8 %"
CH,090780107,CH LAVELANET,M12,1 703,583,1 120,0,"45,4 %","69,20","2,90","2,9 %"
CH,090781774,CHIC DU VAL D ARIEGE,M12,20 142,13 053,7 089,10 433,"52,8 %","58,60","2,37","1,7 %"
CH,090781816,CH ARIEGE COUSERANS,M12,5 459,3 344,2 115,439,"47,2 %","62,83","3,86","2,1 %"
CH,100000017,CH DE TROYES,M12,36 399,27 154,9 245,28 641,"45,4 %","56,46","2,57","1,7 %"
CH,100000041,HL BAR SUR AUBE,M12,246,184,62,1 à 10,"47,4 %","77,46","7,15","8,7 %"
CH,100000058,HL BAR S/SEINE,M12,186,181,1 à 10,0,"49,5 %","79,30","18,83","17,2 %"
CH,100006279,GROUPEMENT HOSPITALIER AUBE MARNE,M12,4 744,4 153,591,214,"40,7 %","56,52","6,11","7,0 %"
CH,110780061,CH CARCASSONNE,M12,28 007,21 012,6 995,29 916,"51,3 %","60,46","2,14","1,3 %"
CH,110780087,CH CASTELNAUDARY,M12,1 546,1 157,389,1 à 10,"49,4 %","72,68","5,65","7,6 %"
CH,110780137,CH NARBONNE,M12,19 546,13 481,6 065,1 941,"44,1 %","53,05","3,53","2,3 %"
CH,110780707,HL LIMOUX QUILLAN,M12,720,714,1 à 10,0,"37,8 %","80,36","15,63","5,1 %"
CH,110780772,CH LEZIGNAN-CORBIERES,M12,1 162,871,291,44,"41,8 %","73,81","7,80","3,2 %"
CH,120004528,CH DE MILLAU,M12,8 658,4 259,4 399,1 003,"47,6 %","57,65","2,29","1,3 %"
CH,120004619,CH EMILE BOREL,M12,4 341,2 581,1 760,88,"45,3 %","60,20","3,63","1,9 %"
CH,120780044,CH RODEZ,M12,26 870,17 414,9 456,31 757,"53,2 %","62,10","1,68","1,0 %"
CH,120780069,CH VILLEFRANCHE-DE-ROUERGUE,M12,11 739,6 451,5 288,1 704,"43,9 %","59,74","2,47","1,4 %"
CH,120780085,CH DECAZEVILLE,M12,4 461,3 238,1 223,42,"44,6 %","61,65","4,44","2,4 %"
CH,120780093,HÔPITAL ST-GENIEZ- D'OLT,M12,147,145,1 à 10,0,"51,7 %","78,38","13,75","10,2 %"
CH,120780101,HÔPITAL D'ESPALION,M12,141,141,0,1 à 10,"47,3 %","79,58","19,92","11,0 %"
CLCC,130001647,INSTITUT PAOLI - CALMETTES,M12,21 573,14 231,7 342,64 404,"34,8 %","61,39","0,96","0,6 %"
CH,130001928,CH MONTOLIVET,M12,1 652,981,671,17,"42,1 %","81,68","7,63","3,8 %"
PRIVÉ,130002694,CLINIQUE JEAN PAOLI,M12,713,696,17,0,"44,3 %","78,02","8,29","2,8 %"
CH,130028228,HÔPITAUX DES PORTES DE CAMARGUE,M12,379,376,1 à 10,0,"39,6 %","84,60","14,29","12,1 %"
CH,130041916,CH DU PAYS D'AIX CHI AIX PERTUIS,M12,49 398,30 599,18 799,19 534,"46,9 %","55,05","2,58","1,1 %"
PSPH/EBNL,130043664,HÔPITAL EUROPEEN DESBIEF AMBROISE PARE,M12,40 970,18 121,22 849,7 743,"48,8 %","55,56","2,11","0,7 %"
PSPH/EBNL,130781255,CLINIQUE SAINT-THOMAS,M12,983,716,267,0,"38,9 %","83,50","7,74","28,0 %"
CH,130781339,CH D'ALLAUCH,M12,2 770,752,2 018,0,"62,6 %","57,35","2,76","1,8 %"
CH,130781446,CH D'AUBAGNE,M12,13 032,9 412,3 620,1 059,"42,9 %","50,64","3,31","2,2 %"
CH,130782634,CH DE SALON,M12,19 052,14 803,4 249,3 755,"44,2 %","52,10","3,30","2,0 %"
PSPH/EBNL,130783152,CLINIQUE SPEC. STE ELISABETH,M12,365,361,1 à 10,0,"42,2 %","74,29","11,87","54,0 %"
PSPH/EBNL,130783665,CLINIQUE DE BONNEVEINE,M12,6 249,1 618,4 631,807,"47,4 %","51,50","1,19","0,3 %"
PSPH/EBNL,130784226,HÔPITAL HENRI GASTAUT,M12,2 197,435,1 762,0,"48,8 %","28,75","0,74","0,0 %"
CH,130785512,CH DE LA CIOTAT,M12,7 608,6 200,1 408,101,"35,6 %","50,77","4,57","2,8 %"
PSPH/EBNL,130785652,HÔPITAL SAINT JOSEPH,M12,56 300,39 002,17 298,12 410,"45,0 %","50,82","3,00","1,2 %"
CHR/U,130786049,AP-HM,M12,188 824,118 218,70 606,115 397,"50,8 %","51,64","2,33","0,9 %"
PSPH/EBNL,130786445,ETOILE MATERNITE CATHOLIQUE,M12,6 987,6 385,602,52,"19,8 %","21,48","4,27","0,1 %"
CH,130786742,HÔPITAL D'INSTRUCTION DES ARMÉES LAVERAN,M12,10 884,7 036,3 848,294,"50,0 %","62,33","3,56","2,5 %"
CH,130789274,CH D'ARLES,M12,14 102,10 033,4 069,2 266,"44,6 %","57,15","3,62","2,6 %"
CH,130789316,CH DE MARTIGUES,M12,21 425,15 043,6 382,12 206,"46,6 %","53,20","2,15","1,1 %"
PSPH/EBNL,130811102,CENTRE DE SOINS PALLIATIFS LA MAISON,M12,360,358,1 à 10,0,"54,2 %","57,10","22,14","55,3 %"
CH,140000035,CH DE LISIEUX,M12,21 338,17 218,4 120,10 786,"48,7 %","54,38","2,93","1,5 %"
CH,140000084,CH AUNAY S/ODON,M12,345,316,29,1 à 10,"42,1 %","77,55","11,36","10,7 %"
CH,140000092,CH AUNAY-BAYEUX - CENTRE HOSPITALIER,M12,13 100,8 060,5 040,1 639,"45,0 %","56,47","3,02","1,9 %"
CHR/U,140000100,CHU COTE DE NACRE CAEN,M12,82 221,54 599,27 622,35 253,"52,1 %","53,18","2,79","1,5 %"
CH,140000118,CH DE FALAISE,M12,8 131,6 227,1 904,56,"50,5 %","54,51","4,42","2,8 %"
CH,140000159,CH DE VIRE,M12,3 973,3 670,303,752,"53,4 %","70,05","5,87","3,6 %"
PSPH/EBNL,140000340,FONDATION DE LA MISÉRICORDE HÉROUVILLE SAINT CLAIR,M12,201,192,1 à 10,0,"53,2 %","73,20","17,40","89,1 %"
CLCC,140000555,CLCC FRANÇOIS BACLESSE,M12,8 772,5 485,3 287,69 085,"40,1 %","62,20","0,50","0,6 %"
PSPH/EBNL,140002452,CLINIQUE MISERICORDE- CAEN,M12,6 351,1 815,4 536,1 à 10,"38,9 %","60,29","2,66","1,4 %"
CH,140026279,CH DE LA CÔTE FLEURIE,M12,3 867,3 415,452,16,"47,0 %","70,06","6,89","3,8 %"
CH,150780047,CH DE CONDAT EN FENIERS,M12,143,142,1 à 10,0,"46,9 %","81,10","19,03","9,1 %"
CH,150780088,CH ST-FLOUR,M12,6 177,4 767,1 410,556,"46,2 %","58,53","4,93","2,9 %"
CH,150780096,CH HENRI MONDOR AURILLAC,M12,20 540,15 020,5 520,3 097,"50,9 %","55,12","3,91","2,1 %"
CH,150780468,CH MAURIAC,M12,1 973,1 727,246,28,"48,5 %","72,44","7,24","3,7 %"
CH,150780500,CH DE MURAT,M12,438,424,14,0,"47,3 %","79,10","12,66","10,5 %"
CH,160000121,CH DE LA ROCHEFOUCAULD,M12,388,232,156,1 à 10,"41,3 %","81,48","9,28","17,7 %"
CH,160000451,CH ANGOULEME,M12,30 924,22 736,8 188,29 356,"50,6 %","59,26","1,97","1,6 %"
CH,160000485,CH DE CONFOLENS,M12,1 951,1 587,364,0,"47,5 %","70,66","4,43","4,0 %"
CH,160000493,CH DE RUFFEC,M12,2 361,1 727,634,67,"47,3 %","71,13","4,83","6,0 %"
CH,160006037,CH HÔPITAUX DU SUD CHARENTE,M12,2 541,2 107,434,1 à 10,"51,2 %","70,68","6,28","5,2 %"
CH,160014411,HÔPITAUX DE GRAND COGNAC,M12,8 753,6 378,2 375,2 261,"44,7 %","59,85","3,34","2,4 %"
CH,170024194,GROUPEMENT HOSPITALIER DE LA ROCHELLE-RE-AUNIS,M12,43 211,32 596,10 615,29 703,"49,5 %","59,38","2,46","1,7 %"
CH,170780050,CH DE JONZAC,M12,6 581,4 154,2 427,465,"51,1 %","66,16","3,85","3,4 %"
CH,170780142,CH ST PIERRE OLERON,M12,225,137,88,0,"41,3 %","82,04","15,00","8,4 %"
CH,170780167,CH DE SAINT-JEAN-D'ANGELY,M12,6 104,4 147,1 957,64,"44,6 %","59,40","4,90","2,7 %"
CH,170780175,CH DE SAINTONGE - SAINTES,M12,22 805,17 521,5 284,38 159,"52,1 %","60,49","1,72","1,1 %"
CH,170780191,CH ROYAN-ATLANTIQUE,M12,6 268,5 534,734,2 981,"50,1 %","72,74","4,33","3,9 %"
CH,170780225,CH ROCHEFORT,M12,21 804,14 909,6 895,1 504,"44,8 %","54,51","3,53","2,3 %"
CH,170780266,CH DE BOSCAMNANT,M12,340,336,1 à 10,0,"44,7 %","79,80","10,14","7,6 %"
CH,180000028,CH J. COEUR BOURGES,M12,27 142,19 910,7 232,17 983,"49,3 %","60,62","3,04","1,9 %"
CH,180000051,CH VIERZON,M12,9 930,6 742,3 188,1 096,"44,9 %","53,04","3,50","3,2 %"
CH,180000069,CH ST AMAND MONTROND,M12,4 908,3 880,1 028,1 à 10,"42,4 %","60,89","6,75","4,6 %"
CH,190000042,CH DUBOIS BRIVE,M12,23 723,19 141,4 582,36 877,"50,2 %","62,47","1,99","1,3 %"
CH,190000059,CH COEUR DE CORREZE,M12,13 293,10 165,3 128,791,"44,6 %","56,17","4,73","2,9 %"
CH,190000067,HL BORT LES ORGUES,M12,316,309,1 à 10,0,"32,9 %","80,84","15,78","7,6 %"
CH,190000075,CH USSEL,M12,7 064,4 861,2 203,1 022,"48,2 %","64,62","3,66","3,2 %"
CH,210012142,CH DE LA HAUTE COTE-D'OR - CH-HCO,M12,5 288,4 199,1 089,188,"47,1 %","70,63","6,53","4,0 %"
CH,210012175,HOSPICES CIVILS DE BEAUNE,M12,14 168,9 932,4 236,1 166,"45,6 %","54,34","4,09","2,0 %"
CHR/U,210780581,CHU DIJON BOURGOGNE,M12,84 660,54 124,30 536,34 427,"50,7 %","55,25","2,77","1,4 %"
CH,210780607,CHS DE LA CHARTREUSE,M12,269,267,1 à 10,0,"70,3 %","45,62","21,21","0,0 %"
CH,210780631,CH D'IS-SUR-TILLE,M12,177,177,0,0,"41,2 %","81,57","11,94","14,7 %"
CH,210780706,CH ROBERT MORLEVAT SEMUR EN AUXOIS,M12,8 828,6 499,2 329,659,"47,5 %","53,61","4,11","1,7 %"
CLCC,210987731,CLCC GEORGES-FRANCOIS LECLERC,M12,11 548,9 163,2 385,46 306,"37,5 %","62,27","0,56","0,4 %"
CH,220000020,CH ST BRIEUC,M12,48 576,35 386,13 190,30 944,"51,1 %","58,76","2,59","1,5 %"
CH,220000046,CH RENÉ PLÉVEN DINAN,M12,12 205,10 437,1 768,2 137,"43,4 %","59,20","4,85","3,0 %"
CH,220000079,CH GUINGAMP,M12,15 070,8 884,6 186,965,"44,5 %","60,80","3,09","2,2 %"
CH,220000103,CH LANNION,M12,13 335,10 696,2 639,2 905,"46,2 %","57,88","4,23","2,3 %"
CH,220000152,CH PAIMPOL,M12,4 774,3 579,1 195,200,"48,4 %","67,53","5,65","4,2 %"
CH,220000186,HL QUINTIN,M12,164,164,0,0,"36,6 %","81,74","16,08","20,7 %"
PSPH/EBNL,220000236,CH PLOUGUERNÉVEL,M12,231,228,1 à 10,0,"49,8 %","79,01","5,74","0,9 %"
CH,220005045,CH TREGUIER,M12,1 542,717,825,17,"36,6 %","80,33","5,85","5,9 %"
CH,220021968,CH DE LAMBALLE,M12,588,584,1 à 10,0,"33,8 %","84,94","11,82","11,2 %"
CH,230780041,CH GUERET,M12,13 812,11 240,2 572,6 085,"47,5 %","61,15","4,19","2,3 %"
CH,230780058,CH AUBUSSON,M12,1 560,964,596,0,"42,2 %","73,60","5,01","4,0 %"
CH,230780066,CH BERNARD DESPLAS BOURGANEUF,M12,577,575,1 à 10,0,"37,6 %","83,95","10,28","6,8 %"
PSPH/EBNL,230780082,CENTRE MÉDICAL NATIONAL STE FEYRE,M12,3 162,2 948,214,1 600,"59,2 %","66,30","2,71","2,2 %"
CH,240000042,CH DE BELVES,M12,213,209,1 à 10,0,"39,0 %","80,67","14,54","8,0 %"
CH,240000059,CH BERGERAC,M12,13 840,10 607,3 233,1 194,"41,7 %","54,87","3,52","2,6 %"
CH,240000067,CH DE DOMME,M12,400,225,175,1 à 10,"39,9 %","73,38","7,94","9,6 %"
CH,240000075,CH D'EXCIDEUIL,M12,203,201,1 à 10,0,"51,2 %","71,55","14,29","10,3 %"
CH,240000083,CH DE VAUCLAIRE,M12,120,119,1 à 10,0,"82,5 %","42,71","15,18","0,0 %"
CH,240000109,CH DE NONTRON,M12,85,85,0,0,"41,2 %","80,62","18,47","28,2 %"
CH,240000117,CH DE PERIGUEUX,M12,29 829,22 763,7 066,4 695,"49,3 %","55,21","4,14","3,1 %"
CH,240000141,CH DE ST ASTIER,M12,166,166,0,0,"42,2 %","80,60","20,74","19,3 %"
CH,240000448,CH JEAN LECLAIRE,M12,5 307,3 882,1 425,158,"44,2 %","62,44","4,38","3,7 %"
CH,240016055,CHIC RIBERAC DRONNE DOUBLE,M12,324,318,1 à 10,0,"38,9 %","85,04","17,89","9,0 %"
CHR/U,250000015,CHU BESANCON,M12,76 774,50 968,25 806,64 534,"51,4 %","55,54","2,27","1,2 %"
CH,250000221,CH PAUL NAPPEZ MORTEAU,M12,649,405,244,25,"47,5 %","68,43","8,54","7,3 %"
CH,250000239,CH SAINTE CROIX BAUME LES DAMES,M12,263,197,66,17,"42,5 %","81,07","7,39","8,9 %"
CH,250000452,CHIC DE HAUTE-COMTÉ,M12,14 702,10 627,4 075,2 481,"47,3 %","48,99","3,00","1,4 %"
CH,250000478,CH SAINT LOUIS ORNANS,M12,153,153,0,0,"48,4 %","83,66","12,08","14,4 %"
CH,260000021,CH DE VALENCE,M12,40 624,29 760,10 864,10 403,"47,7 %","53,74","3,32","1,7 %"
CH,260000047,GROUPEMENT HOSPITALIER PORTES DE PROVENCE,M12,22 109,16 628,5 481,21 347,"45,0 %","57,55","2,21","1,2 %"
CH,260000054,CH CREST,M12,2 347,1 453,894,185,"48,2 %","68,21","4,74","5,6 %"
CH,260000088,CH DE NYONS,M12,112,109,1 à 10,0,"34,8 %","81,63","17,21","10,7 %"
CH,260000096,CH DE BUIS BARONNIES,M12,166,159,1 à 10,0,"37,3 %","85,58","10,51","14,5 %"
CH,260000104,CH DE DIE,M12,2 029,1 619,410,119,"42,1 %","59,11","5,79","2,7 %"
PSPH/EBNL,260000195,CLINIQUE PNEUMOLOGIE LES RIEUX ATRIR,M12,1 375,1 361,14,0,"56,0 %","64,43","4,07","1,2 %"
CH,260016910,HÔPITAUX DROME NORD,M12,16 667,13 800,2 867,11 316,"45,7 %","59,92","2,82","1,5 %"
CH,270000060,CH DE BERNAY,M12,7 510,5 046,2 464,104,"41,6 %","55,45","3,61","2,4 %"
CH,270000086,CH DE GISORS,M12,6 254,4 438,1 816,71,"40,0 %","50,82","3,72","1,8 %"
CH,270000102,CH DE LA RISLE- PONT AUDEMER,M12,3 401,2 170,1 231,1 à 10,"47,4 %","62,91","4,03","4,5 %"
CH,270000110,CH DE VERNEUIL,M12,1 774,1 652,122,1 à 10,"48,3 %","69,39","6,07","4,1 %"
CH,270000185,HL DE PACY SUR EURE,M8,65,65,0,0,"26,2 %","88,06","15,57","13,8 %"
CH,270023724,CHIC EURE SEINE HÔPITAUX EVREUX-VERNON,M12,39 460,27 297,12 163,26 852,"46,2 %","57,42","2,22","1,3 %"
CH,280000134,CH CHARTRES,M12,33 513,27 386,6 127,20 360,"49,3 %","56,46","3,01","1,9 %"
CH,280000183,CH VICTOR JOUSSELIN,M12,23 419,17 968,5 451,3 249,"43,8 %","49,12","4,01","2,1 %"
CH,280000225,HL LA LOUPE,M12,203,202,1 à 10,1 à 10,"38,2 %","83,79","14,70","16,2 %"
CH,280000589,CH DE NOGENT LE ROTROU,M12,5 983,2 667,3 316,59,"47,2 %","65,15","3,46","2,6 %"
CH,280500075,CH DE CHATEAUDUN,M12,7 546,5 441,2 105,988,"45,3 %","61,69","3,84","2,3 %"
CHR/U,290000017,CHU BREST,M12,69 980,51 994,17 986,49 527,"50,7 %","56,64","2,66","1,3 %"
CH,290000041,CH FERDINAND GRALL LANDERNEAU,M12,7 296,5 243,2 053,1 025,"41,9 %","55,24","3,55","2,5 %"
CH,290000074,CH DOUARNENEZ,M12,6 013,4 193,1 820,1 563,"47,7 %","70,80","3,79","4,1 %"
CH,290000090,HL CROZON,M12,105,105,0,0,"47,6 %","81,00","16,57","22,9 %"
CH,290000108,HL LESNEVEN,M12,224,219,1 à 10,0,"50,4 %","77,26","19,97","32,6 %"
CH,290000116,HL LANMEUR,M12,193,191,1 à 10,0,"38,9 %","81,12","17,92","23,8 %"
CH,290000306,CH QUIMPERLE,M12,5 961,4 938,1 023,191,"46,6 %","71,75","5,52","4,0 %"
CH,290000728,HÔPITAL D'INSTRUCTION DES ARMÉES CLERMONT-TONNERRE,M12,8 263,5 156,3 107,0,"54,9 %","58,34","3,27","2,4 %"
CH,290000751,HL LE JEUNE ST RENAN,M12,387,387,0,0,"73,6 %","50,83","18,72","4,1 %"
PSPH/EBNL,290000785,HÔTEL DIEU PONT-L'ABBE,M12,4 785,3 864,921,600,"47,6 %","71,54","5,51","4,8 %"
PSPH/EBNL,290000975,CHM DE ROSCOFF SITE DE PERHARIDY,M12,1 123,134,989,4 347,"49,0 %","60,84","0,15","0,0 %"
CH,290020700,CHIC DE CORNOUAILLE QUIMPER,M12,42 613,31 123,11 490,42 538,"47,7 %","58,77","2,03","1,3 %"
CH,290021542,CH DES PAYS DE MORLAIX,M12,18 869,14 966,3 903,4 460,"48,5 %","58,34","3,74","2,4 %"
CH,2A0000014,CH GAL D'AJACCIO,M12,19 077,15 317,3 760,11 000,"52,6 %","57,26","2,64","1,6 %"
CH,2A0000170,HL BONIFACIO,M12,110,107,1 à 10,0,"45,5 %","75,36","13,03","16,4 %"
CH,2A0000386,CHS DE CASTELLUCCIO,M12,816,709,107,12 342,"43,8 %","66,03","0,45","0,6 %"
CH,2A0002606,HL DE SARTENE,M12,248,247,1 à 10,0,"37,9 %","82,39","7,49","10,9 %"
CH,2B0000020,CH BASTIA,M12,18 123,14 615,3 508,14 305,"49,9 %","57,59","2,56","1,5 %"
CH,2B0004246,CHIC DE CORTÉ-TATTONE,M12,475,462,13,945,"38,7 %","67,66","3,95","2,9 %"
CH,2B0005342,CH DE CALVI,M12,1 481,1 019,462,0,"51,1 %","63,80","2,02","3,1 %"
CHR/U,300780038,CHU NIMES,M12,66 288,43 013,23 275,49 984,"47,5 %","57,06","2,23","1,3 %"
CH,300780046,CH ALES,M12,20 921,15 576,5 345,6 357,"45,6 %","55,91","3,27","2,0 %"
CH,300780053,CH BAGNOLS SUR CEZE,M12,13 900,9 886,4 014,2 261,"46,5 %","52,73","3,36","1,7 %"
CH,300780079,HL PONT SAINT ESPRIT,M12,89,89,0,0,"49,4 %","78,43","24,97","43,8 %"
CH,300780087,HL UZES,M12,285,285,0,0,"42,8 %","80,78","12,43","17,9 %"
CH,300780095,HL LE VIGAN,M12,275,272,1 à 10,0,"39,6 %","73,04","18,44","10,9 %"
CH,300781010,CH PONTEILS,M12,360,347,13,1 à 10,"48,2 %","78,89","9,91","12,9 %"
CH,310780671,CH SAINT-GAUDENS,M12,13 401,9 069,4 332,2 018,"49,3 %","62,90","3,74","2,7 %"
CH,310780713,HÔPITAL REVEL,M12,165,165,0,0,"39,4 %","83,18","16,56","3,0 %"
PSPH/EBNL,310781067,HÔPITAL JOSEPH DUCUING,M12,13 358,8 830,4 528,1 034,"31,3 %","37,55","3,02","1,3 %"
CHR/U,310781406,CHR TOULOUSE,M12,191 420,117 194,74 226,61 458,"51,7 %","49,32","2,46","1,0 %"
CLCC,310782347,INSTITUT CLAUDIUS REGAUD,M12,8 457,4 819,3 638,75 493,"37,1 %","59,90","0,30","0,2 %"
CH,310786256,HL DE MURET,M12,530,526,1 à 10,0,"43,4 %","84,86","9,57","3,0 %"
CH,320004310,ÉTABLISSEMENT PUBLIC DE SANTÉ DE LOMAGNE,M12,515,509,1 à 10,0,"43,1 %","81,42","14,76","11,1 %"
CH,320780117,CH AUCH,M12,16 947,12 801,4 146,8 631,"51,6 %","61,00","2,82","1,8 %"
CH,320780133,CH CONDOM,M12,1 311,867,444,0,"50,6 %","74,23","5,52","7,9 %"
CH,320780158,HÔPITAL GIMONT,M12,306,306,0,0,"39,2 %","83,82","12,32","9,5 %"
CH,320780174,HÔPITAL LOMBEZ,M12,600,586,14,0,"39,8 %","83,59","14,48","6,3 %"
CH,320780182,HÔPITAL MAUVEZIN,M12,210,204,1 à 10,0,"43,8 %","81,56","10,39","9,5 %"
CH,320780208,HÔPITAL NOGARO,M12,213,203,1 à 10,0,"42,3 %","82,98","13,20","12,2 %"
PSPH/EBNL,330000217,MAISON SANTÉ MARIE GALENE,M12,465,253,212,0,"49,7 %","65,28","6,13","48,8 %"
PSPH/EBNL,330000332,HÔPITAL SUBURBAIN DU BOUSCAT,M12,3 815,2 843,972,737,"49,7 %","64,28","4,91","1,7 %"
PSPH/EBNL,330000340,MSP BORDEAUX BAGATELLE,M12,23 689,13 508,10 181,3 338,"41,5 %","50,50","2,63","1,3 %"
CLCC,330000662,INSTITUT BERGONIE,M12,10 074,6 983,3 091,50 412,"33,3 %","60,20","0,54","0,4 %"
CH,330027509,CH SUD GIRONDE LANGON-LA REOLE,M12,12 491,8 945,3 546,663,"41,4 %","56,13","4,22","2,8 %"
PSPH/EBNL,330780370,LES FONTAINES DE MONJOUS - SSR,M12,1 231,0,1 231,0,"39,1 %","80,70","0,00","0,0 %"
PSPH/EBNL,330780495,CLINIQUE MUTUALISTE DU MEDOC,M12,9 159,4 131,5 028,202,"45,8 %","57,70","2,55","2,0 %"
PSPH/EBNL,330780529,CLINIQUE MUTUALISTE DE PESSAC,M12,17 893,7 162,10 731,641,"45,2 %","59,02","2,08","0,7 %"
PSPH/EBNL,330780537,HÔPITAL PRIVÉ WALLERSTEIN,M12,12 751,6 046,6 705,41,"43,8 %","59,34","2,64","1,8 %"
PSPH/EBNL,330781139,CRF LA TOUR DE GASSIES,M12,346,0,346,0,"67,1 %","51,08","0,00","0,0 %"
CHR/U,330781196,CHU DE BORDEAUX,M12,183 878,109 550,74 328,79 863,"52,1 %","51,07","2,53","1,1 %"
CH,330781204,CH D'ARCACHON,M12,13 850,10 498,3 352,1 035,"42,1 %","53,98","3,72","2,3 %"
CH,330781212,CH DE BAZAS,M12,570,566,1 à 10,1 à 10,"37,1 %","83,99","9,36","5,5 %"
CH,330781220,CH DE LA HAUTE GIRONDE,M12,11 039,5 577,5 462,314,"44,0 %","54,16","2,65","1,7 %"
CH,330781253,CH DE LIBOURNE,M12,40 660,28 866,11 794,33 077,"49,7 %","61,20","2,35","1,2 %"
CH,330781261,CH STE FOY LA GRANDE,M12,1 495,1 388,107,0,"45,0 %","74,97","8,50","4,1 %"
CH,330781303,HÔPITAL D'INSTRUCTION DES ARMÉES ROBERT PICQUE,M12,8 789,5 122,3 667,89,"53,1 %","59,28","2,50","2,0 %"
PSPH/EBNL,340000025,INSTITUT SAINT PIERRE,M12,1 267,0,1 267,0,"55,8 %","9,33","0,00","0,0 %"
CLCC,340000207,INSTITUT DU CANCER DE MONTPELLIER,M12,10 481,7 234,3 247,68 209,"40,2 %","61,48","0,56","0,4 %"
CH,340009893,HL BEDARIEUX,M12,169,164,1 à 10,0,"52,7 %","79,59","20,67","34,3 %"
CH,340011295,LES HÔPITAUX DU BASSIN DE THAU,M12,16 134,12 283,3 851,1 080,"47,0 %","55,06","4,56","3,0 %"
CH,340780055,CH BEZIERS,M12,30 699,22 996,7 703,5 552,"49,7 %","53,29","3,70","2,5 %"
CH,340780451,HL PEZENAS,M12,438,426,12,0,"47,0 %","79,96","11,54","12,1 %"
CHR/U,340780477,CHU MONTPELLIER,M12,121 617,77 275,44 342,26 581,"49,3 %","47,74","2,95","1,3 %"
CH,340780519,HL LODEVE,M12,596,556,40,0,"36,6 %","76,49","9,93","7,6 %"
CH,340780535,HL LUNEL,M12,690,680,1 à 10,16,"39,7 %","80,97","13,88","14,3 %"
CH,340780543,HL CLERMONT- L' HERAULT,M12,230,229,1 à 10,1 à 10,"41,6 %","80,85","16,24","17,3 %"
PSPH/EBNL,340780642,CLINIQUE BEAU SOLEIL,M12,16 714,6 637,10 077,2 218,"46,9 %","60,03","1,33","0,3 %"
PSPH/EBNL,340781608,MSM MAS DE ROCHET,M12,1 557,1 545,12,27,"46,6 %","72,73","9,28","6,6 %"
CH,350000022,CH ST MALO,M12,26 811,21 196,5 615,10 309,"48,0 %","58,83","3,40","2,3 %"
CH,350000030,CH FOUGERES,M12,12 568,9 742,2 826,329,"46,1 %","52,70","4,74","2,7 %"
CH,350000048,CHIC REDON CARENTOIR,M12,10 467,7 131,3 336,159,"45,5 %","54,76","3,99","2,6 %"
CH,350000055,CH VITRE,M12,8 857,6 706,2 151,713,"44,4 %","52,27","4,05","2,0 %"
PSPH/EBNL,350000063,HÔPITAL ST THOMAS DE VILLENEUVE BAIN DE BRETAGNE,M12,631,614,17,31,"44,9 %","81,75","14,10","17,5 %"
PSPH/EBNL,350000071,HÔPITAL LA PROVIDENCE GARDINER DINARD,M12,908,673,235,124,"38,0 %","75,57","5,75","2,1 %"
CH,350000089,HL LA GUERCHE,M12,399,396,1 à 10,1 à 10,"43,0 %","83,38","14,70","12,0 %"
PSPH/EBNL,350000139,CLINIQUE MUTUALISTE LA SAGESSE RENNES,M12,21 428,12 000,9 428,40,"31,0 %","36,11","2,22","0,2 %"
PSPH/EBNL,350000204,CLINIQUE ST JOSEPH COMBOURG,M12,351,345,1 à 10,1 à 10,"44,0 %","81,85","12,59","27,2 %"
PSPH/EBNL,350002200,CLINIQUE ST YVES RENNES,M12,340,340,0,1 à 10,"63,0 %","62,53","7,89","1,5 %"
CH,350002291,CH DE LA ROCHE AUX FEES JANZE,M12,297,295,1 à 10,0,"41,1 %","83,76","16,03","19,9 %"
CH,350002317,HL MONTFORT S/ MEU,M12,205,205,0,0,"44,4 %","81,72","14,01","19,5 %"
CH,350002333,HL ST MEEN LE GRAND,M12,112,112,0,0,"33,0 %","84,53","16,53","11,6 %"
CLCC,350002812,CRLCC E. MARQUIS,M12,4 696,2 855,1 841,51 931,"39,8 %","60,18","0,23","0,2 %"
PSPH/EBNL,350005021,POLE GERIATRIQUE RENNAIS,M12,3 141,1 859,1 282,80,"39,8 %","83,79","7,78","7,0 %"
CHR/U,350005179,CHRU DE RENNES,M12,94 374,62 978,31 396,27 710,"52,2 %","50,49","3,26","1,4 %"
CH,350048518,CH DES MARCHES DE BRETAGNE,M12,276,273,1 à 10,0,"48,2 %","83,11","11,61","19,6 %"
CH,360000046,CH LA TOUR BLANCHE ISSOUDUN,M12,2 562,1 462,1 100,257,"45,5 %","63,86","5,53","3,9 %"
CH,360000053,CH DE CHATEAUROUX,M12,24 904,19 564,5 340,7 141,"47,4 %","57,72","3,88","2,8 %"
CH,360000061,CH LA CHATRE,M12,793,766,27,38,"36,6 %","81,65","11,54","11,7 %"
CH,360000079,CH LE BLANC,M12,4 598,3 056,1 542,16,"44,0 %","61,22","3,54","3,1 %"
CHR/U,370000481,CHU DE TOURS,M12,98 145,69 211,28 934,60 519,"49,5 %","53,96","2,29","1,0 %"
CH,370000564,CHIC AMBOISE- CHATEAU RENAULT,M12,7 050,4 420,2 630,17,"48,1 %","66,47","4,13","3,6 %"
CH,370000606,CH CHINONAIS,M12,5 705,5 074,631,1 547,"45,0 %","60,42","3,72","2,8 %"
CH,370000614,CH LOCHES,M12,4 341,2 777,1 564,658,"54,2 %","68,10","3,42","2,6 %"
CH,370002701,CH JEAN PAGES DE LUYNES,M12,215,213,1 à 10,0,"58,6 %","64,84","13,94","49,3 %"
CH,370004327,HL SAINTE MAURE,M12,242,223,19,0,"46,3 %","83,43","12,20","9,5 %"
PSPH/EBNL,380012658,GROUPEMENT HOSPITALIER MUTUALISTE DE GRENOBLE,M12,39 491,18 221,21 270,35 152,"40,9 %","59,92","1,23","0,6 %"
CH,380780023,HÔPITAL RHUMATOLOGIQUE URIAGE,M12,1 178,1 171,1 à 10,69,"39,1 %","57,98","6,88","0,0 %"
CH,380780031,CH FABRICE MARCHIOL LA MURE,M12,1 292,925,367,108,"45,9 %","71,15","7,28","3,9 %"
CH,380780049,CH BOURGOIN JALLIEU,M12,21 914,18 195,3 719,3 926,"49,2 %","54,19","4,11","1,9 %"
CH,380780056,CH PONT BEAUVOISIN,M12,2 931,2 435,496,1 à 10,"46,1 %","72,76","8,10","5,0 %"
CH,380780072,CH DE RIVES,M12,845,840,1 à 10,1 à 10,"37,5 %","77,57","11,29","6,9 %"
CHR/U,380780080,CHU GRENOBLE,M12,94 170,63 353,30 817,46 266,"50,3 %","51,21","2,83","1,3 %"
CH,380780171,CHIC VERCORS ISERE,M12,872,835,37,221,"48,9 %","78,56","8,85","8,6 %"
CH,380780213,CH ST LAURENT DU PONT,M12,627,621,1 à 10,1 à 10,"39,4 %","78,72","8,34","4,1 %"
CH,380781435,CH DE VIENNE,M12,21 301,17 062,4 239,1 568,"42,8 %","52,06","4,29","1,5 %"
CH,380784751,CH VOIRON,M12,15 616,12 049,3 567,1 329,"41,1 %","49,35","3,77","2,0 %"
CH,390780146,CH JURA SUD,M12,19 955,15 638,4 317,3 686,"44,0 %","57,17","4,38","2,5 %"
CH,390780153,CH LEON BERARD MOREZ,M12,275,259,16,1 à 10,"40,8 %","78,13","10,70","17,4 %"
CH,390780161,CH LOUIS JAILLON SAINT CLAUDE,M12,5 545,3 983,1 562,5 117,"55,0 %","60,71","1,96","0,9 %"
CH,390780609,CH PASTEUR DOLE,M12,15 054,11 620,3 434,10 957,"49,7 %","58,84","2,66","1,3 %"
PSPH/EBNL,390781193,MAISON SOINS ADLCA BLETTERANS,M12,466,459,1 à 10,0,"81,3 %","45,29","13,34","0,0 %"
PSPH/EBNL,400000261,INSTITUT HÉLIO-MARIN LABENNE,M12,86,1 à 10,85,0,"41,9 %","82,45","0,01","0,0 %"
CH,400011177,CHIC MONT DE MARSAN ET PAYS DES SOURCES,M12,26 318,18 245,8 073,16 043,"51,4 %","59,69","2,49","1,6 %"
CH,400780193,CH DAX,M12,25 897,18 553,7 344,24 386,"45,9 %","60,77","2,00","1,4 %"
CH,400780268,CH DE SAINT SEVER,M12,782,367,415,0,"40,8 %","80,76","6,25","7,2 %"
CH,410000087,CH DE BLOIS,M12,25 732,19 872,5 860,6 695,"43,7 %","53,66","3,90","2,1 %"
CH,410000095,CH VENDOME,M12,4 549,3 971,578,2 022,"49,2 %","70,40","4,58","3,6 %"
CH,410000103,CH ROMORANTIN LANTHENAY,M12,9 677,6 475,3 202,743,"46,2 %","54,09","3,41","2,1 %"
CH,410000111,HL ST AIGNAN SUR CHER,M12,411,407,1 à 10,0,"48,2 %","78,32","15,45","20,0 %"
PSPH/EBNL,420000192,CLINIQUE MEDICALE BUISSONNIERE,M12,529,519,1 à 10,0,"39,1 %","85,17","10,31","3,6 %"
CH,420002495,HÔPITAL DU GIER,M12,13 814,9 301,4 513,2 036,"44,6 %","57,41","3,47","1,9 %"
PSPH/EBNL,420010050,CLINIQUE MUTUALISTE DE LA LOIRE,M12,14 446,7 942,6 504,321,"49,1 %","60,91","2,58","0,6 %"
CH,420013492,INSTITUT DE CANCEROLOGIE DE LA LOIRE,M12,2 733,1 417,1 316,59 320,"42,5 %","64,19","0,25","0,2 %"
CH,420013831,CH DU FOREZ,M12,16 910,12 047,4 863,1 896,"45,3 %","56,25","3,79","1,9 %"
CH,420780033,CH DE ROANNE,M12,24 974,18 497,6 477,35 208,"50,0 %","60,91","1,95","1,1 %"
CH,420780652,CH DE FIRMINY,M12,16 213,11 409,4 804,233,"41,8 %","51,05","4,30","1,6 %"
CH,420780736,CH DE PÉLUSSIN,M12,183,182,1 à 10,0,"48,1 %","80,18","12,88","8,7 %"
CHR/U,420784878,CHU SAINT ETIENNE,M12,79 928,51 886,28 042,22 291,"50,6 %","52,12","2,95","1,3 %"
CH,430000018,CH EMILE ROUX LE PUY,M12,24 861,17 436,7 425,21 027,"49,1 %","60,60","2,13","1,5 %"
CH,430000034,CH BRIOUDE,M12,4 393,2 948,1 445,935,"49,8 %","65,38","4,23","2,7 %"
CH,430000059,CH CRAPONNE SUR ARZON,M12,337,304,33,17,"43,2 %","79,54","11,62","8,8 %"
CH,430000067,CH LANGEAC,M12,384,321,63,13,"47,4 %","79,56","12,35","5,5 %"
CH,430000091,CH D'YSSINGEAUX,M12,292,291,1 à 10,0,"40,1 %","80,64","15,78","16,8 %"
CH,440000057,CH ST-NAZAIRE,M12,40 184,26 030,14 154,14 409,"47,6 %","55,96","2,58","1,6 %"
CHR/U,440000289,CHU DE NANTES,M12,126 119,75 259,50 860,41 527,"50,5 %","48,88","2,72","1,3 %"
CH,440000297,CH ANCENIS,M12,7 190,5 141,2 049,98,"44,2 %","53,42","4,55","2,8 %"
CH,440000313,CH CHATEAUBRIANT NOZAY POUANCE,M12,8 389,6 651,1 738,450,"43,6 %","51,92","4,09","2,5 %"
CLCC,440001113,ICO - SITE GAUDUCHEAU,M12,8 544,4 249,4 295,72 345,"42,2 %","60,96","0,25","0,3 %"
CH,440028538,CHIC DE LA PRESQU'ILE,M12,1 566,1 555,11,13,"43,7 %","77,19","12,12","9,7 %"
PSPH/EBNL,440029338,CLINIQUE MUTUALISTE JULES VERNE,M12,16 706,12 034,4 672,381,"35,8 %","37,93","3,04","0,8 %"
CH,440041531,CHIC DU PAYS DE RETZ,M12,754,727,27,58,"44,3 %","79,90","12,54","17,0 %"
CH,440042141,CHIC SEVRE ET LOIRE,M12,304,304,0,0,"58,2 %","63,59","12,66","6,3 %"
CLCC,440048700,ICO SITE SAINT- AUGUSTIN,M12,32,0,32,383,"38,8 %","67,00","0,00","0,0 %"
PSPH/EBNL,440050433,CLINIQUE MUTUALISTE DE L'ESTUAIRE,M12,11 353,5 259,6 094,28 760,"52,4 %","62,88","0,69","0,7 %"
CHR/U,450000088,CHR ORLEANS,M12,61 287,49 408,11 879,50 030,"44,2 %","54,03","2,83","1,3 %"
CH,450000096,C.H. P. DEZARNAULD DE GIEN,M12,7 909,6 824,1 085,48,"42,3 %","45,95","4,17","2,7 %"
CH,450000104,CH AGGLOMERATION MONTARGOISE,M12,20 614,15 764,4 850,7 895,"45,8 %","55,66","3,55","2,3 %"
CH,450000112,CH DE PITHIVIERS,M12,3 371,2 487,884,367,"40,0 %","58,87","5,08","2,8 %"
CH,450000138,HL BEAUGENCY,M12,161,161,0,0,"42,2 %","85,21","18,41","28,6 %"
CH,450000153,HL PIERRE LEBRUN,M12,75,66,1 à 10,0,"45,3 %","81,67","13,56","9,3 %"
CH,450000161,HL SULLY,M12,200,184,16,0,"43,0 %","81,40","16,80","9,0 %"
PSPH/EBNL,450000336,H. PRIVÉ SAINT JEAN DE BRIARE,M12,387,386,1 à 10,0,"37,0 %","84,26","10,11","6,5 %"
CH,460780083,CH FIGEAC,M12,7 537,4 138,3 399,53,"50,4 %","60,56","3,32","2,1 %"
CH,460780091,CH SAINT-CERE,M12,1 778,1 486,292,22,"47,6 %","73,18","5,56","4,3 %"
CH,460780208,CH GOURDON,M12,3 970,1 829,2 141,37,"48,5 %","68,08","3,21","1,8 %"
CH,460780216,CH CAHORS,M12,20 044,13 470,6 574,10 206,"45,5 %","62,07","2,15","1,1 %"
CH,460780430,HÔPITAL GRAMAT,M12,304,303,1 à 10,0,"35,5 %","82,87","18,19","10,2 %"
CH,470000316,CH AGEN,M6,11 752,8 545,3 207,8 022,"50,4 %","62,29","2,50","1,4 %"
CH,470000324,CH POLE DE SANTÉ DU VILLENEUVOIS,M12,10 166,7 111,3 055,2 640,"43,5 %","56,60","3,15","2,5 %"
CH,470000340,CH NERAC,M6,375,371,1 à 10,0,"43,2 %","83,15","9,58","8,5 %"
CH,470000365,HL DE PENNE D'AGENAIS,M7,12,12,0,0,"33,3 %","87,08","13,25","8,3 %"
CH,470000381,CH DEPARTEMENTAL DE LA CANDELIE,M12,1 048,233,815,0,"66,8 %","47,58","3,26","0,0 %"
CH,470000407,CH DE FUMEL,M12,228,228,0,0,"36,8 %","79,96","11,76","4,4 %"
CH,470001660,CHIC MARMANDE - TONNEINS,M12,15 371,9 699,5 672,1 432,"45,0 %","56,16","3,24","1,7 %"
PSPH/EBNL,470016049,GCS POLE DE SANTÉ DU VILLENEUVOIS,M12,10 382,4 613,5 769,26,"46,1 %","58,99","1,90","0,9 %"
CH,470016171,CH AGEN-NERAC,M12,10 895,7 962,2 933,8 752,"50,4 %","63,03","2,33","1,3 %"
CH,480780097,CH MENDE,M12,12 478,8 003,4 475,1 637,"50,6 %","56,58","2,98","1,8 %"
CH,480780121,HL SAINT- CHELY- D'APCHER,M12,192,192,0,0,"34,4 %","84,30","27,95","19,8 %"
CH,480780139,HL FLORAC,M12,160,160,0,0,"44,4 %","83,79","11,53","10,6 %"
CH,480780154,HL MARVEJOLS,M12,418,320,98,47,"41,1 %","74,99","9,23","8,4 %"
CH,480780162,HL LANGOGNE,M12,407,393,14,1 à 10,"44,3 %","80,35","16,40","10,3 %"
CHR/U,490000031,CHRU ANGERS,M12,84 178,56 452,27 726,21 011,"50,3 %","50,90","3,27","1,4 %"
CLCC,490000155,ICO - SITE PAUL PAPIN,M12,8 299,3 902,4 397,59 911,"38,1 %","63,25","0,23","0,2 %"
CH,490000387,HL CANDE,M7,38,38,0,0,"42,1 %","82,79","12,18","10,5 %"
CH,490000395,CH LA CORNICHE ANGEVINE,M12,217,214,1 à 10,50,"48,3 %","83,12","10,21","17,2 %"
CH,490000403,CH DE DOUE EN ANJOU,M12,91,91,0,0,"26,4 %","83,08","20,18","36,3 %"
CH,490000676,CH CHOLET,M12,29 548,22 175,7 373,12 123,"48,4 %","54,82","2,99","1,6 %"
PSPH/EBNL,490000700,SSR PSM VILLAGE SANTÉ ST JOSEPH,M12,132,130,1 à 10,0,"50,8 %","80,17","14,89","21,2 %"
PSPH/EBNL,490004256,HÔPITAL PRIVÉ BEAUPREAU,M12,199,199,0,0,"42,7 %","82,80","13,67","15,1 %"
CH,490007689,CHIC LYS HYROME,M12,133,132,1 à 10,0,"44,4 %","80,81","15,21","31,6 %"
CH,490015765,ETS DE SANTÉ BAUGEOIS VALLEE,M12,115,115,0,0,"33,9 %","84,67","28,96","23,5 %"
CH,490528452,CH SAUMUR,M12,14 792,9 848,4 944,2 483,"42,2 %","53,42","3,00","1,6 %"
CH,500000013,CH DU COTENTIN,M12,27 934,22 359,5 575,17 200,"48,4 %","57,05","2,91","2,2 %"
CH,500000039,HL CARENTAN,M12,364,314,50,1 à 10,"50,4 %","77,15","17,69","18,9 %"
CH,500000054,CH AVRANCHES GRANVILLE,M12,21 751,16 852,4 899,2 402,"48,4 %","55,30","4,31","2,2 %"
CH,500000062,HL DE MORTAIN,M12,139,137,1 à 10,0,"50,4 %","78,85","18,47","19,4 %"
CH,500000096,CH ST HILAIRE DU HARCOUET,M12,1 628,1 386,242,25,"46,6 %","72,92","6,04","4,1 %"
CH,500000104,HL SAINT JAMES,M12,275,267,1 à 10,0,"42,2 %","80,61","17,31","26,5 %"
CH,500000112,HÔPITAL MEMORIAL ST LO,M12,19 532,15 384,4 148,13 146,"48,5 %","58,96","2,68","1,8 %"
CH,500000138,HL VILLEDIEU,M12,134,124,1 à 10,0,"48,5 %","79,78","18,56","23,9 %"
CH,500000393,CH DE COUTANCES,M12,4 028,3 790,238,28,"47,4 %","74,19","8,23","5,1 %"
CLCC,500021944,UNITÉ RADIOTHERAPIE EXTERNE CHERBOURG,M12,0,0,0,9 651,"39,7 %","64,38","0,00","0,0 %"
CHR/U,510000029,CHR DE REIMS,M12,64 477,42 508,21 969,38 008,"51,2 %","53,93","2,78","1,4 %"
CH,510000037,CH CHALONS EN CHAMPAGNE,M12,17 277,12 493,4 784,1 206,"47,8 %","51,07","3,97","2,1 %"
CH,510000060,CH AUBAN MOET A EPERNAY,M12,8 472,6 432,2 040,932,"51,3 %","59,11","4,64","3,5 %"
CH,510000078,CH VITRY LE FRANCOIS,M12,5 049,3 625,1 424,61,"50,1 %","57,45","3,80","2,2 %"
CH,510000102,CH DE SAINTE MENEHOULD,M12,503,491,12,0,"45,1 %","80,23","10,42","10,3 %"
CLCC,510000516,INSTITUT JEAN GODINOT,M12,6 115,2 975,3 140,34 618,"30,0 %","61,23","0,43","0,5 %"
PSPH/EBNL,510024300,GCS MATERNITE EPERNAY,M12,1 528,1 449,79,15,"17,4 %","17,85","3,86","0,6 %"
CH,520780024,HL BOURBONNE,M12,81,77,1 à 10,0,"34,6 %","84,04","23,19","11,1 %"
CH,520780032,CH DE CHAUMONT,M12,10 744,8 625,2 119,578,"44,5 %","51,31","4,69","1,9 %"
CH,520780040,HL JOINVILLE,M12,51,51,0,0,"33,3 %","81,49","10,86","0,0 %"
CH,520780057,CH DE LANGRES,M12,4 840,4 019,821,785,"48,2 %","61,62","4,92","3,1 %"
CH,520780065,HL DE MONTIER EN DER,M12,182,180,1 à 10,0,"36,8 %","83,14","9,66","9,3 %"
CH,520780073,CH DE ST DIZIER,M12,13 002,9 905,3 097,2 286,"47,4 %","50,61","3,80","2,1 %"
CH,520780099,HL DE WASSY,M12,63,63,0,0,"36,5 %","83,02","10,05","7,9 %"
CH,530000025,CH DU HAUT ANJOU,M12,12 089,7 892,4 197,503,"45,1 %","56,04","4,06","1,8 %"
CH,530000058,CH D'ERNEE,M12,562,562,0,0,"44,5 %","82,96","15,56","15,5 %"
CH,530000066,CH D'EVRON,M12,229,227,1 à 10,1 à 10,"44,8 %","82,04","21,58","25,4 %"
CH,530000074,CH NORD-MAYENNE,M12,12 763,8 680,4 083,188,"45,1 %","56,32","3,92","2,0 %"
CH,530000371,CH LAVAL,M12,23 186,16 631,6 555,10 291,"49,5 %","54,82","2,85","1,5 %"
CH,530007202,CH DU SUD OUEST MAYENNAIS,M12,951,571,380,48,"52,4 %","74,21","8,27","6,1 %"
CH,540000049,CH TOUL,M12,9 108,5 204,3 904,161,"42,2 %","52,76","2,76","1,7 %"
PSPH/EBNL,540000072,HÔPITAL BACCARAT,M12,203,200,1 à 10,0,"39,4 %","78,71","16,33","28,6 %"
CH,540000080,CH LUNEVILLE,M12,10 653,7 761,2 892,1 134,"45,4 %","55,76","3,74","2,4 %"
CH,540000106,CH PONT A MOUSSON,M12,2 289,1 789,500,1 à 10,"47,9 %","70,76","6,50","6,6 %"
PSPH/EBNL,540000395,LES MAISONS HOSPITALIERES SITE NANCY,M12,405,401,1 à 10,1 à 10,"38,9 %","85,83","16,25","7,9 %"
CH,540000767,CH BRIEY,M12,12 462,8 898,3 564,572,"41,6 %","48,69","3,97","2,0 %"
PSPH/EBNL,540001096,CH DE MT ST MARTIN,M12,10 953,7 148,3 805,7 488,"42,7 %","60,93","2,43","1,6 %"
PSPH/EBNL,540001104,HÔPITAL JOEUF,M12,1 029,556,473,0,"35,7 %","81,89","6,99","3,3 %"
CLCC,540001286,INSTITUT DE CANCEROLOGIE DE LORRAINE,M12,8 048,5 305,2 743,49 167,"43,1 %","61,06","0,51","0,4 %"
PSPH/EBNL,540014149,HDJ MAISON HOSP ST CHARLES,M12,1 170,0,1 170,0,"39,8 %","82,56","0,00","0,0 %"
CHR/U,540023264,CHRU DE NANCY,M12,118 201,75 244,42 957,36 081,"50,6 %","48,85","2,95","1,3 %"
CH,550000046,CH COMMERCY,M12,689,666,23,1 à 10,"36,0 %","79,08","12,91","11,6 %"
CH,550003354,CH DE BAR-LE-DUC FAINS-VEEL,M12,12 500,8 800,3 700,2 045,"47,1 %","55,84","3,41","2,0 %"
CH,550006795,CH VERDUN/SAINT MIHIEL,M12,21 135,14 393,6 742,14 014,"46,0 %","59,72","2,54","1,3 %"
CH,560000044,CH PLOERMEL,M12,11 863,8 454,3 409,592,"46,9 %","58,29","3,51","1,9 %"
CH,560000085,HL YVES LANCO LE PALAIS,M12,712,527,185,47,"57,3 %","69,98","4,07","3,7 %"
PSPH/EBNL,560000184,CLINIQUE DES AUGUSTINES MALESTROIT,M12,2 529,1 419,1 110,0,"35,9 %","82,49","6,84","3,6 %"
CH,560000259,HL GUEMENE SUR SCORFF,M12,208,198,1 à 10,0,"42,8 %","81,88","20,54","27,9 %"
CH,560002065,HL MALESTROIT,M12,58,58,0,0,"22,4 %","80,74","22,22","6,9 %"
CH,560002198,HL LE FAOUET,M12,291,291,0,0,"51,2 %","82,09","15,80","11,3 %"
CH,560002214,CH PORT LOUIS,M12,203,202,1 à 10,1 à 10,"28,8 %","84,31","15,44","12,0 %"
PSPH/EBNL,560002933,CLINIQUE MUTUALISTE PORTE DE L'ORIENT,M12,13 717,5 707,8 010,21,"55,0 %","59,83","1,90","0,3 %"
CH,560005746,GROUPEMENT HOSPITALIER BRETAGNE SUD,M12,46 339,32 897,13 442,45 934,"47,6 %","59,24","2,07","1,2 %"
CH,560014748,CH DU CENTRE BRETAGNE,M12,20 643,16 809,3 834,10 010,"50,7 %","60,22","3,30","1,8 %"
CH,560023210,CH BRETAGNE ATLANTIQUE VANNES,M12,43 711,34 043,9 668,20 344,"49,8 %","57,93","3,12","1,7 %"
PSPH/EBNL,570000026,HÔPITAL SARRALBE,M12,310,307,1 à 10,0,"32,9 %","83,52","8,96","8,4 %"
CH,570000141,CHS SARREGUEMINES,M12,1 à 10,1 à 10,0,0,"100,0 %","34,75","14,75","0,0 %"
CH,570000158,CH DE SARREGUEMINES,M12,23 816,15 498,8 318,3 068,"48,8 %","54,05","3,22","1,9 %"
PSPH/EBNL,570000166,CENTRE DE GERIATRIE FORBACH SOS SANTÉ,M12,554,0,554,0,"37,7 %","79,94","0,00","0,0 %"
PSPH/EBNL,570000216,HÔPITAL DE ST AVOLD GROUPE SOS SANTÉ,M12,13 430,8 646,4 784,15 589,"50,6 %","66,30","2,56","1,5 %"
CH,570000430,CH BOULAY,M12,1 312,613,699,0,"34,8 %","82,76","4,96","5,5 %"
PSPH/EBNL,570000455,HÔPITAL CHATEAU SALINS,M12,383,372,11,0,"38,6 %","81,17","14,88","13,3 %"
CH,570000497,HÔPITAL DIEUZE,M12,193,192,1 à 10,1 à 10,"37,6 %","79,73","15,99","9,1 %"
CH,570000513,CH DE JURY,M12,288,278,1 à 10,0,"76,7 %","36,27","10,37","0,0 %"
PSPH/EBNL,570000562,HÔPITAL MARANGE,M12,1 468,1 106,362,0,"35,2 %","80,67","7,39","5,4 %"
CH,570000596,HÔPITAL D'INSTRUCTION DES ARMÉES LEGOUEST,M12,3 639,2 692,947,920,"50,2 %","57,15","3,43","0,8 %"
PSPH/EBNL,570000950,SAINTE ELISABETH THIONVILLE,M12,1 720,1 597,123,84,"41,3 %","73,52","7,00","3,2 %"
PSPH/EBNL,570001057,HÔPITAL BELLE ISLE METZ,M12,10 763,6 600,4 163,10 436,"49,4 %","64,92","2,00","0,5 %"
PSPH/EBNL,570001099,HÔPITAL STE BLANDINE METZ,M12,3 022,1 679,1 343,1 à 10,"36,6 %","63,39","6,77","8,7 %"
PSPH/EBNL,570003079,CENTRE DE GERIATRIE LE KEM,M12,2 555,1 505,1 050,0,"36,3 %","82,31","5,06","4,0 %"
CHR/U,570005165,CHR METZ THIONVILLE,M12,88 389,65 545,22 844,65 003,"47,5 %","56,27","2,47","1,4 %"
PSPH/EBNL,570009670,HÔPITAL MOYEUVRE GRANDE,M12,643,633,1 à 10,0,"36,7 %","81,35","16,63","15,4 %"
CH,570015099,CH SARREBOURG,M12,12 185,7 652,4 533,1 145,"46,3 %","56,10","3,40","1,8 %"
CH,570025254,CHIC UNISANTÉ,M12,17 303,12 469,4 834,1 298,"43,0 %","48,48","4,02","1,8 %"
PSPH/EBNL,570026252,HÔPITAL ROBERT SCHUMAN,M12,20 514,12 442,8 072,20 500,"54,1 %","64,15","1,68","0,6 %"
CH,580780039,CH DE L'AGGLOMÉRATION DE NEVERS,M12,23 207,19 198,4 009,19 732,"56,2 %","62,00","3,04","1,8 %"
CH,580780047,CH CHATEAU-CHINON,M12,426,413,13,0,"42,5 %","81,70","12,49","5,9 %"
CH,580780054,CH LES CYGNES LORMES,M12,222,218,1 à 10,0,"50,0 %","78,62","18,59","15,3 %"
CH,580780070,CH DE CLAMECY,M12,1 759,1 451,308,13,"49,2 %","72,01","6,74","4,7 %"
CH,580780088,CH COSNE COURS SUR LOIRE,M12,2 289,1 719,570,199,"49,7 %","70,46","5,84","5,1 %"
CH,580780096,CH DECIZE,M12,5 130,3 942,1 188,172,"48,0 %","65,77","5,47","2,9 %"
CH,580781136,CH HENRI DUNANT,M12,447,431,16,23,"44,3 %","81,77","10,60","5,3 %"
CLCC,590000188,CLCC OSCAR LAMBRET LILLE,M12,9 476,6 143,3 333,62 591,"36,9 %","56,85","0,44","0,3 %"
PSPH/EBNL,590001749,POLYCLINIQUE DE GRANDE SYNTHE,M12,2 977,2 304,673,308,"47,8 %","62,66","6,23","7,6 %"
PSPH/EBNL,590049565,MAISON MEDICALE JEAN XXIII,M12,261,259,1 à 10,0,"50,2 %","73,79","18,12","70,9 %"
PSPH/EBNL,590052056,GCS GHICL CLINIQUE STE MARIE,M12,13 714,5 209,8 505,2 679,"48,2 %","46,51","1,23","0,4 %"
CH,590780052,CH SOMAIN,M12,2 723,1 221,1 502,0,"55,9 %","54,62","3,96","1,4 %"
CHR/U,590780193,CHRU DE LILLE,M12,175 802,104 430,71 372,52 054,"48,7 %","46,63","2,58","1,0 %"
CH,590780227,GROUPEMENT HOSPITALIER SECLIN CARVIN,M12,22 016,14 987,7 029,812,"41,0 %","44,54","3,44","1,6 %"
PSPH/EBNL,590780284,GCS GHICL HÔPITAL ST PHILIBERT,M12,22 470,14 461,8 009,1 769,"48,7 %","61,37","3,64","1,5 %"
CH,590781415,CH DE DUNKERQUE,M12,38 199,25 790,12 409,20 284,"52,3 %","55,40","2,20","1,3 %"
CH,590781605,CH DE CAMBRAI,M12,22 623,14 468,8 155,8 698,"47,8 %","56,34","2,90","1,7 %"
CH,590781621,CH LE CATEAU-CAMBRESIS,M12,6 063,3 500,2 563,0,"49,7 %","48,04","3,17","1,4 %"
CH,590781662,CH DE FOURMIES,M12,8 132,6 304,1 828,4 400,"53,7 %","56,50","2,72","1,2 %"
CH,590781670,CH LE QUESNOY,M12,1 664,1 385,279,1 à 10,"37,2 %","78,70","8,85","6,8 %"
CH,590781795,CH D'AVESNES,M12,2 163,1 442,721,0,"47,7 %","67,55","7,92","3,7 %"
CH,590781803,CH SAMBRE-AVESNOIS,M12,19 728,14 489,5 239,6 552,"47,3 %","52,15","3,24","1,8 %"
CH,590781811,CH FELLERIES LIESSIES,M12,115,114,1 à 10,0,"83,5 %","36,10","16,50","0,0 %"
CH,590781902,CH DE TOURCOING,M12,29 711,20 913,8 798,2 937,"45,6 %","48,25","3,72","1,9 %"
CH,590782165,CH DE DENAIN,M12,17 926,11 542,6 384,1 155,"42,2 %","47,99","3,37","1,4 %"
CH,590782207,CH DE SAINT - AMAND,M12,1 457,1 417,40,31,"47,0 %","70,26","10,36","6,3 %"
CH,590782215,CH VALENCIENNES,M12,68 815,48 359,20 456,42 935,"46,6 %","54,03","2,38","1,2 %"
CH,590782421,CH DE ROUBAIX,M12,53 501,31 073,22 428,21 433,"47,1 %","51,65","2,30","1,2 %"
CH,590782439,CH WATTRELOS,M12,2 296,1 719,577,19,"48,1 %","64,96","4,52","2,5 %"
CH,590782637,CH ARMENTIERES,M12,20 320,12 511,7 809,1 376,"42,2 %","43,85","3,02","1,3 %"
CH,590782645,CH DE BAILLEUL,M12,831,817,14,18,"37,6 %","83,76","9,58","8,6 %"
CH,590782652,CH D'HAZEBROUCK,M12,10 191,6 222,3 969,1 955,"41,4 %","54,57","2,31","1,2 %"
CH,590783239,CH DE DOUAI,M12,33 310,25 256,8 054,15 812,"48,7 %","54,50","2,63","2,0 %"
PSPH/EBNL,590785374,CLINIQUE TEISSIER,M12,4 596,3 800,796,1 559,"61,4 %","60,69","2,72","2,8 %"
PSPH/EBNL,590797353,GCS GHICL HÔPITAL SAINT VINCENT,M12,31 608,17 968,13 640,7 606,"44,5 %","39,00","2,33","1,2 %"
PSPH/EBNL,600100168,CENTRE MÉDICO-CHIRURGICAL,M12,6 103,3 611,2 492,1 950,"58,1 %","60,32","1,83","0,7 %"
CH,600100572,CH DE CHAUMONT EN VEXIN,M12,550,477,73,0,"37,5 %","79,82","10,96","9,5 %"
CH,600100648,CH DE CLERMONT,M12,4 727,3 366,1 361,162,"41,7 %","50,84","3,78","2,0 %"
CH,600100713,CH DE BEAUVAIS,M12,28 684,21 460,7 224,27 009,"47,8 %","55,24","2,28","1,6 %"
CH,600100721,CHIC COMPIEGNE-NOYON,M12,31 070,23 047,8 023,12 909,"48,1 %","54,43","3,35","2,1 %"
CH,600101984,GROUPEMENT HOSPITALIER PUBLIC DU SUD DE L'OISE,M12,37 197,30 009,7 188,22 131,"44,2 %","52,98","3,10","1,4 %"
CH,610780074,CH DE L'AIGLE,M12,6 960,5 070,1 890,57,"43,2 %","54,87","4,28","2,5 %"
CH,610780082,CH ALENCON,M12,20 716,15 249,5 467,8 324,"52,7 %","57,48","3,08","1,6 %"
CH,610780090,CH ARGENTAN,M12,14 463,11 020,3 443,1 544,"47,3 %","53,68","3,82","1,9 %"
CH,610780124,CH MORTAGNE,M12,1 819,1 642,177,1 à 10,"50,2 %","71,03","6,90","5,1 %"
CH,610780140,HL SEES,M12,375,348,27,1 à 10,"42,1 %","77,72","19,11","14,0 %"
CH,610780165,CH FLERS,M12,14 936,10 949,3 987,9 024,"47,5 %","56,13","2,69","1,4 %"
CH,610790594,CHIC DES ANDAINES,M12,3 305,3 136,169,99,"42,2 %","70,20","7,14","4,1 %"
PSPH/EBNL,620000026,ÉTABLISSEMENT HOPALE CTRE CALOT/HELIO,M12,10 829,7 423,3 406,569,"45,1 %","54,11","3,28","0,1 %"
PSPH/EBNL,620003350,HÔPITAL DE RIAUMONT,M12,7 404,5 429,1 975,705,"36,4 %","50,58","3,89","1,9 %"
PSPH/EBNL,620003376,POLYCLINIQUE MÉDICO-CHIRURGICALE D'HENIN-BEAUMONT,M12,19 946,10 288,9 658,647,"45,9 %","56,38","2,20","0,8 %"
PSPH/EBNL,620025346,POLYCLINIQUE DE DIVION,M12,15 780,9 201,6 579,211,"41,9 %","51,66","3,02","1,4 %"
PSPH/EBNL,620026690,CENTRE J.CURIE GCS PUBLIC PRIVÉ LITTORAL,M12,0,0,0,30 184,"50,6 %","63,38","0,00","0,0 %"
CH,620100057,CH D'ARRAS,M12,29 517,20 851,8 666,21 181,"49,3 %","53,63","2,29","1,4 %"
CH,620100651,CH BETHUNE-BEUVRY,M12,27 405,19 756,7 649,15 115,"46,3 %","57,13","2,56","2,0 %"
CH,620100677,CH HENIN-BEAUMONT,M12,3 142,1 242,1 900,0,"64,0 %","55,29","5,03","1,8 %"
CH,620100685,CH DE LENS,M12,41 979,29 125,12 854,19 079,"49,9 %","52,48","2,67","2,0 %"
CH,620101337,CH DE CALAIS,M12,23 722,18 351,5 371,3 450,"44,4 %","42,68","4,09","2,0 %"
CH,620101360,CH REGION DE SAINT-OMER,M12,23 577,16 799,6 778,3 129,"47,8 %","50,05","3,19","2,0 %"
CH,620103432,CH ARRONDISSEMENT DE MONTREUIL,M12,16 974,12 506,4 468,2 278,"42,0 %","50,37","3,18","2,0 %"
CH,620103440,CH DE BOULOGNE,M12,34 479,23 933,10 546,39 812,"52,5 %","59,69","1,68","1,0 %"
CLCC,630000479,CENTRE REGIONAL JEAN PERRIN,M12,7 520,5 048,2 472,46 748,"41,2 %","63,26","0,60","0,5 %"
CH,630180032,CH DU MONT DORE,M12,300,294,1 à 10,11,"42,8 %","80,77","19,23","14,1 %"
CHR/U,630780989,CHU CLERMONT-FERRAND,M12,84 630,59 055,25 575,35 722,"51,4 %","53,81","3,02","1,2 %"
CH,630780997,CH AMBERT,M12,2 617,1 853,764,973,"48,7 %","68,82","4,28","3,1 %"
CH,630781003,CH ISSOIRE,M12,8 081,5 389,2 692,0,"40,7 %","54,11","4,56","2,8 %"
CH,630781011,CH RIOM,M12,9 570,6 718,2 852,884,"47,1 %","69,25","6,11","4,6 %"
CH,630781029,CH THIERS,M12,5 959,4 562,1 397,735,"43,7 %","58,06","4,97","3,1 %"
CH,630781367,CH BILLOM,M12,275,275,0,0,"39,3 %","80,04","22,23","15,6 %"
CH,640017638,CH DE SAINT-PALAIS,M12,6 333,3 500,2 833,239,"47,3 %","60,10","3,01","1,5 %"
CH,640780417,CH COTE BASQUE,M12,39 121,27 921,11 200,24 442,"48,6 %","56,67","2,52","1,4 %"
PSPH/EBNL,640780557,CENTRE MÉDICAL TOKI-EDER,M12,213,206,1 à 10,0,"52,6 %","73,00","11,24","9,4 %"
CH,640780813,CH D'ORTHEZ,M12,3 424,2 421,1 003,681,"45,9 %","69,63","5,10","4,2 %"
CH,640780821,CH D'OLORON STE MARIE,M12,7 959,5 071,2 888,718,"49,0 %","60,32","3,60","2,3 %"
CH,640780839,CH DE MAULEON,M12,133,131,1 à 10,0,"41,4 %","82,20","10,17","12,8 %"
CH,640781290,CH DE PAU,M12,40 035,25 583,14 452,9 229,"48,5 %","54,69","2,91","2,2 %"
CH,650780158,CH LOURDES,M12,6 773,4 509,2 264,900,"49,7 %","65,61","3,54","2,5 %"
CH,650780166,CH BAGNERES-DE-BIGORRE,M12,988,879,109,14,"38,9 %","81,44","7,87","5,0 %"
CH,650780174,CH LANNEMEZAN,M12,6 495,3 339,3 156,254,"47,5 %","66,04","2,47","2,0 %"
CH,650783160,CH TARBES LOURDES,M12,24 453,17 387,7 066,15 023,"54,0 %","58,28","2,33","1,3 %"
PSPH/EBNL,660009689,GCS POLE SANITAIRE CERDAN,M12,246,242,1 à 10,17,"38,4 %","79,03","14,48","11,8 %"
CH,660780180,CH PERPIGNAN,M12,44 691,32 944,11 747,30 661,"50,1 %","58,44","2,74","1,9 %"
CH,660780271,HL PRADES,M12,354,352,1 à 10,0,"37,0 %","83,94","19,29","9,9 %"
CLCC,670000033,CRLCC PAUL STRAUSS DE STRASBOURG,M12,5 496,3 395,2 101,52 203,"41,5 %","61,94","0,27","0,3 %"
PSPH/EBNL,670000082,CLINIQUE ADASSA DE STRASBOURG,M12,13 894,6 270,7 624,1 118,"39,4 %","44,79","1,69","0,2 %"
PSPH/EBNL,670000215,HÔPITAL MAISON DE RETRAITE LE NEUENBERG,M12,1 178,1 172,1 à 10,21,"46,2 %","77,53","8,49","7,6 %"
PSPH/EBNL,670014042,UGECAM-HDJ DU CTRE READAPTATION COLMAR,M12,628,0,628,0,"35,7 %","80,90","0,00","0,0 %"
CH,670017755,GROUPEMENT HOSPITALIER SELESTAT OBERNAI,M12,15 017,11 186,3 831,1 690,"43,9 %","53,96","4,56","2,2 %"
CHR/U,670780055,CHU DE STRASBOURG,M12,141 406,95 211,46 195,56 269,"49,0 %","51,50","2,87","1,1 %"
PSPH/EBNL,670780188,CLINIQUE SAINTE-BARBE - GHSV,M12,11 501,6 528,4 973,158,"49,5 %","54,42","2,13","0,5 %"
PSPH/EBNL,670780212,CLINIQUE SAINTE-ANNE - GHSV,M12,17 455,11 034,6 421,31 605,"50,7 %","62,30","1,18","0,5 %"
CH,670780337,CH DE HAGUENAU,M12,27 810,20 905,6 905,10 016,"47,1 %","58,73","3,12","1,6 %"
CH,670780345,CH DE SAVERNE,M12,15 710,9 933,5 777,1 938,"46,4 %","51,60","3,45","2,1 %"
CH,670780543,CH WISSEMBOURG,M12,5 900,4 067,1 833,70,"42,0 %","59,51","4,09","1,9 %"
CH,670780584,ETS HOSPITAL. DEP. BISCHWILLER,M12,1 634,453,1 181,23,"33,7 %","81,62","4,05","5,0 %"
PSPH/EBNL,670797539,CLINIQUE DE LA TOUSSAINT - GHSV,M12,2 046,388,1 658,1 à 10,"34,1 %","76,26","3,76","4,1 %"
PSPH/EBNL,670798636,CLINIQUE SAINT-LUC - GHSV,M12,3 100,1 044,2 056,320,"47,4 %","62,86","2,68","1,7 %"
CH,680000395,CH ST-MORAND ALTKIRCH,M12,6 372,4 427,1 945,535,"42,0 %","58,31","4,93","2,3 %"
CH,680000411,CH DE PFASTATT,M12,3 134,857,2 277,11,"44,4 %","73,07","4,52","1,3 %"
PSPH/EBNL,680000882,CLINIQUE DU DIACONAT COLMAR,M12,1 288,194,1 094,31,"39,9 %","81,94","2,03","0,7 %"
CH,680000973,CH DE COLMAR,M12,58 049,38 012,20 037,45 572,"48,7 %","57,43","2,25","1,0 %"
CH,680001005,CH DE GUEBWILLER,M12,3 787,1 329,2 458,70,"41,4 %","63,00","3,61","1,6 %"
CH,680001179,CH ROUFFACH,M12,855,853,1 à 10,0,"62,0 %","49,63","2,03","0,0 %"
PSPH/EBNL,680001195,HÔPITAL ALBERT SCHWEITZER,M12,18 693,8 954,9 739,123,"46,5 %","57,49","2,98","0,5 %"
CH,680020336,GRPE HOSP REGION MULHOUSE ET SUD ALSACE,M12,57 015,39 279,17 736,64 575,"45,3 %","58,54","2,06","1,2 %"
PSPH/EBNL,690000245,HÔPITAL DE FOURVIERE,M12,2 091,1 877,214,0,"31,9 %","86,31","8,42","2,3 %"
PSPH/EBNL,690000427,CENTRE MÉDICO-CHIRURGICAL ET DE RÉÉDAPTATIION DES MASSUES,M12,2 460,1 429,1 031,11,"43,7 %","38,68","4,57","0,0 %"
CLCC,690000880,CENTRE LEON BERARD,M12,19 790,12 499,7 291,83 979,"43,8 %","59,18","0,71","0,4 %"
CH,690010749,CHIC THIZY LES BOURGS ET COURS LA VILLE,M12,327,319,1 à 10,0,"39,8 %","80,58","8,95","9,2 %"
CH,690031455,CH DE GRANDRIS,M12,393,392,1 à 10,0,"39,7 %","80,32","12,26","13,0 %"
CH,690780036,CH MONTGELAS,M12,6 208,4 868,1 340,91,"36,4 %","45,89","4,27","2,7 %"
CH,690780044,CH SAINTE FOY LES LYON,M12,4 153,3 473,680,49,"21,5 %","30,87","4,17","0,4 %"
CH,690780069,CH DE CONDRIEU GABRIEL MONTCHARMONT,M12,343,342,1 à 10,0,"34,1 %","84,22","17,46","12,5 %"
CH,690780093,HÔPITAL D'INSTRUCTION DES ARMÉES DESGENETTES,M12,8 787,5 498,3 289,762,"51,5 %","60,33","2,94","1,4 %"
PSPH/EBNL,690780150,HÔPITAL DE L'ARBRESLE,M12,609,607,1 à 10,0,"63,7 %","55,20","12,36","0,8 %"
PSPH/EBNL,690780416,GROUPEMENT HOSPITALIER MUTUALISTE LES PORTES DU SUD,M12,19 609,12 197,7 412,1 616,"41,5 %","49,23","2,78","0,6 %"
PSPH/EBNL,690781737,POLE GERONTOLOGIQUE CROIX-ROUGE - CHARMETTES,M12,1 336,1 333,1 à 10,0,"35,3 %","85,37","11,23","14,0 %"
CHR/U,690781810,HOSPICES CIVILS DE LYON,M12,256 033,165 101,90 932,110 669,"49,4 %","50,25","2,73","1,0 %"
PSPH/EBNL,690781836,CLINIQUE MUTUALISTE EUGENE ANDRE,M12,9 869,5 114,4 755,2 207,"41,7 %","66,56","3,43","1,6 %"
CH,690782222,HÔPITAL NORD OUEST - VILLEFRANCHE,M12,34 853,25 710,9 143,6 103,"47,4 %","50,10","3,31","1,2 %"
CH,690782230,CH DE BELLEVILLE,M12,310,309,1 à 10,0,"37,4 %","83,53","16,08","14,5 %"
CH,690782248,CH DE BEAUJEU,M12,272,268,1 à 10,0,"40,1 %","83,71","15,97","20,2 %"
CH,690782271,CH DE TARARE-GRANDRIS,M12,5 217,3 581,1 636,150,"48,3 %","62,96","4,00","2,4 %"
CH,690782925,CH GERIATRIQUE DU MONT D'OR,M12,906,904,1 à 10,0,"36,0 %","85,81","9,63","4,7 %"
PSPH/EBNL,690805361,CH ST JOSEPH ST LUC,M12,28 275,20 544,7 731,8 508,"49,9 %","57,17","2,49","1,3 %"
PSPH/EBNL,690807599,CLINIQUE DE L UNION,M12,3 138,2 882,256,1 à 10,"24,2 %","16,08","3,63","0,3 %"
CH,700004591,GROUPEMENT HOSPITALIER DE LA HAUTE SAONE,M12,30 795,21 036,9 759,17 328,"49,9 %","57,73","2,61","1,6 %"
CH,700780026,CH DU VAL DE SAÔNE GRAY,M12,2 951,2 551,400,54,"51,3 %","69,73","6,25","5,8 %"
CH,710780214,CH BRESSE LOUHANNAISE - HLBL,M12,362,357,1 à 10,1 à 10,"45,4 %","82,33","15,61","17,9 %"
CH,710780263,CH LES CHANAUX MACON,M12,30 396,23 822,6 574,13 205,"49,6 %","59,36","2,98","1,5 %"
CH,710780644,CH DU PAYS CHAROLAIS BRIONNAIS,M12,15 787,10 698,5 089,1 224,"49,1 %","56,77","3,44","1,6 %"
CH,710780958,CH WILLIAM MOREY CHALON SUR SAONE,M12,30 981,23 737,7 244,18 435,"46,0 %","58,51","2,88","1,5 %"
CH,710781063,HÔPITAL DU PAYS DUNOIS,M12,347,346,1 à 10,0,"37,2 %","83,57","12,46","9,5 %"
CH,710781089,CH DU CLUNISOIS,M12,198,192,1 à 10,1 à 10,"38,7 %","78,23","18,89","15,7 %"
CH,710781329,CHS DE SEVREY,M12,86,86,0,0,"74,4 %","44,64","23,48","0,0 %"
CH,710781360,CH BELNAY TOURNUS,M12,347,342,1 à 10,0,"45,5 %","83,59","14,45","18,4 %"
CH,710781451,CH AUTUN,M12,4 866,3 993,873,251,"43,4 %","57,61","4,91","3,8 %"
CH,710781568,CH ALIGRE BOURBON-LANCY,M12,406,402,1 à 10,0,"44,3 %","81,92","17,58","16,3 %"
CH,710781592,CH CHAGNY,M12,290,287,1 à 10,0,"41,4 %","80,17","19,07","16,9 %"
CH,710976705,CH JEAN BOUVERI - GALUZOT,M12,11 461,7 239,4 222,5 662,"47,1 %","65,77","3,18","1,9 %"
PSPH/EBNL,710978347,HOTEL-DIEU DU CREUSOT,M12,14 041,9 356,4 685,204,"47,2 %","56,47","3,23","1,7 %"
CH,720000025,CH LE MANS,M12,70 152,48 365,21 787,28 123,"46,8 %","53,65","2,77","1,5 %"
CH,720000066,CH CHATEAU DU LOIR,M12,1 314,1 185,129,1 à 10,"47,3 %","74,16","7,87","6,3 %"
CH,720000140,CH SAINT-CALAIS,M12,1 428,1 238,190,1 à 10,"48,8 %","71,51","5,76","5,2 %"
PSPH/EBNL,720000389,CENTRE MÉDICAL GEORGES COULON,M12,542,356,186,1 à 10,"50,8 %","71,59","4,67","6,1 %"
CH,720006022,CH FERTE BERNARD,M12,5 008,3 522,1 486,69,"49,4 %","67,10","4,69","3,3 %"
CH,720016724,POLE SANTÉ SARTHE ET LOIR,M12,12 422,8 589,3 833,340,"46,2 %","53,38","3,71","1,7 %"
CH,730000015,CH METROPOLE SAVOIE,M12,56 862,42 300,14 562,49 104,"45,8 %","58,11","2,48","1,2 %"
CH,730002839,CHIC ALBERTVILLE MOUTIERS,M12,15 047,11 573,3 474,702,"46,0 %","47,75","3,80","1,5 %"
CH,730780103,CH VALLEE DE LA MAURIENNE,M12,6 468,4 167,2 301,638,"45,8 %","57,01","3,27","1,7 %"
CH,730780525,CH BOURG SAINT MAURICE,M12,6 045,4 607,1 438,1 à 10,"51,3 %","45,95","2,80","0,8 %"
CH,740001839,CHIC DES HÔPITAUX DU PAYS DU MONT BLANC,M12,19 109,13 501,5 608,577,"46,7 %","46,64","3,67","0,9 %"
PSPH/EBNL,740780192,CENTRE MÉDICAL DE PRAZ COUTANT,M12,875,714,161,1 664,"34,9 %","64,52","8,12","6,7 %"
CH,740781133,CH ANNECY-GENEVOIS,M12,60 520,43 687,16 833,40 033,"47,7 %","55,43","2,45","1,2 %"
CH,740781190,CH DUFRESNE SOMMEILLER,M12,329,329,0,0,"42,6 %","80,15","15,73","35,3 %"
CH,740781208,CH RUMILLY,M12,888,880,1 à 10,1 à 10,"45,3 %","72,03","10,37","4,0 %"
CH,740790258,CH ALPES-LEMAN,M12,28 883,22 061,6 822,5 719,"44,2 %","49,77","3,54","1,5 %"
CH,740790381,CHIC DU LEMAN,M12,23 027,16 184,6 843,12 489,"47,0 %","55,53","2,41","1,1 %"
PSPH/EBNL,750000523,GROUPEMENT HOSPITALIER PARIS SAINT-JOSEPH,M12,55 480,38 080,17 400,7 726,"45,7 %","55,96","2,92","0,9 %"
PSPH/EBNL,750000549,FONDATION OPHTALMOLOGIQUE ROTHSCHILD,M12,25 038,8 034,17 004,3 066,"45,4 %","53,77","1,40","0,3 %"
PSPH/EBNL,750006728,GROUPEMENT HOSPITALIER DIACONESSES-CROIX SAINT-SIMON,M12,29 108,17 277,11 831,8 031,"34,3 %","53,05","2,17","0,8 %"
PSPH/EBNL,750055287,AURA PARIS PLAISANCE,M12,570,452,118,45 888,"61,8 %","66,08","0,10","0,1 %"
CH,750110025,CNO QUINZE VINGTS,M12,20 342,4 191,16 151,1 à 10,"48,1 %","62,11","0,49","0,0 %"
CH,750120016,HÔPITAL D'INSTRUCTION DES ARMÉES DU VAL-DE-GRACE,M12,937,651,286,253,"50,5 %","55,52","1,36","0,0 %"
CH,750140014,CH SAINTE-ANNE,M12,11 639,3 948,7 691,126,"41,1 %","52,70","2,60","0,6 %"
PSPH/EBNL,750150013,HÔPITAL PIERRE ROUQUES - LES BLUETS,M12,9 513,6 638,2 875,64,"16,8 %","21,94","2,92","0,1 %"
PSPH/EBNL,750150104,INSTITUT MUTUALISTE MONTSOURIS,M12,29 042,18 598,10 444,12 861,"47,9 %","59,04","2,30","0,5 %"
PSPH/EBNL,750150146,HÔPITAL LEOPOLD BELLAN,M12,2 346,1 365,981,0,"32,3 %","82,69","6,84","6,0 %"
PSPH/EBNL,750150187,MAISON MEDICALE JEANNE GARNIER,M12,1 195,1 164,31,0,"46,6 %","72,90","18,39","89,4 %"
PSPH/EBNL,750150252,CLINIQUE EDOUARD RIST,M12,1 236,1 099,137,18 973,"62,1 %","62,42","0,24","0,0 %"
PSPH/EBNL,750150286,HÔPITAL JEAN JAURÈS,M12,534,524,1 à 10,0,"55,6 %","71,82","18,20","87,5 %"
PSPH/EBNL,750150344,HÔPITAL PRIVÉ COGNACQ-JAY,M12,479,470,1 à 10,0,"46,1 %","73,51","18,60","88,1 %"
PSPH/EBNL,750150377,HÔPITAL HENRY DUNANT,M12,652,644,1 à 10,0,"31,9 %","88,46","12,59","5,7 %"
CLCC,750160012,CLCC INSTITUT CURIE,M12,14 300,7 569,6 731,80 277,"21,8 %","55,75","0,42","0,2 %"
CHR/U,750712184,AP-HP,M12,938 043,583 884,354 159,405 197,"48,1 %","50,30","2,83","1,1 %"
CH,750810798,ETABLISEMENT PUBLIC DE SANTÉ FRESNES,M12,389,377,12,0,"91,5 %","45,21","10,25","0,0 %"
CLCC,760000166,CRLCC HENRI BECQUEREL,M12,6 471,3 556,2 915,62 025,"42,3 %","61,56","0,47","0,3 %"
CH,760024042,CHIC ELBEUF LOUVIERS,M12,24 871,19 779,5 092,12 557,"47,3 %","56,53","2,93","1,6 %"
CH,760780023,CH DE DIEPPE,M12,19 006,15 246,3 760,12 148,"50,9 %","58,20","2,67","1,7 %"
CH,760780056,CH DE EU,M12,1 115,993,122,0,"39,8 %","72,76","7,12","6,5 %"
CH,760780064,CH DE NEUFCHATEL EN BRAY,M12,348,348,0,0,"40,5 %","84,32","14,28","6,9 %"
CHR/U,760780239,CHU ROUEN,M12,126 726,73 104,53 622,33 266,"50,4 %","50,52","2,76","1,5 %"
CH,760780254,HL D'YVETOT,M12,398,385,13,15,"39,5 %","81,96","11,14","9,0 %"
CH,760780262,CH DU BELVEDERE,M12,10 406,7 870,2 536,45,"16,6 %","20,79","3,33","0,2 %"
CH,760780726,GHH LE HAVRE,M12,46 760,33 879,12 881,20 214,"49,1 %","51,18","2,96","1,8 %"
CH,760780734,CHIC DU PAYS DES HAUTES FALAISES,M12,7 335,6 594,741,1 209,"40,4 %","50,39","4,44","3,1 %"
CH,760780742,CHIC CAUX VALLEE DE SEINE,M12,6 236,4 667,1 569,1 152,"41,1 %","52,56","3,28","2,0 %"
PSPH/EBNL,760783035,HÔPITAL ET IFSI CROIX-ROUGE,M12,89,87,1 à 10,9 803,"70,9 %","77,03","0,06","0,0 %"
PSPH/EBNL,770020477,HÔPITAL FORCILLES - FONDATION COGNACQ JAY,M12,5 048,3 284,1 764,17 270,"47,6 %","62,93","1,21","1,3 %"
CH,770110013,CH DE COULOMMIERS,M12,12 842,9 536,3 306,1 799,"42,1 %","52,96","4,31","1,9 %"
CH,770110021,CH DE FONTAINEBLEAU,M12,16 233,12 386,3 847,4 351,"40,4 %","44,47","3,45","1,9 %"
CH,770110054,GRPE HOSPITALIER DU SUD ILE DE FRANCE,M12,24 225,18 606,5 619,13 767,"49,2 %","50,68","2,80","1,7 %"
CH,770110062,CH DE MONTEREAU,M12,11 567,8 204,3 363,1 622,"45,9 %","48,98","3,89","1,9 %"
CH,770110070,CH LEON BINET PROVINS,M12,12 118,8 480,3 638,902,"46,0 %","48,57","3,89","1,7 %"
CH,770130011,HL BRIE COMTE ROBERT,M12,288,285,1 à 10,0,"37,5 %","85,54","15,13","9,7 %"
CH,770130052,CH DE NEMOURS,M12,4 106,3 320,786,473,"40,6 %","63,85","5,34","3,8 %"
CH,770170017,CH MARNE LA VALLEE,M12,33 881,25 774,8 107,5 651,"44,7 %","46,67","3,38","1,9 %"
CH,770700185,CH DE MEAUX,M12,29 057,22 643,6 414,19 615,"50,3 %","50,82","2,84","1,2 %"
CH,780001236,CHIC DE POISSY ST-GERMAIN,M12,45 244,30 497,14 747,41 415,"42,3 %","54,14","1,93","0,9 %"
CH,780002697,CHIC DE MEULAN LES MUREAUX,M12,12 804,8 482,4 322,109,"42,3 %","49,66","3,44","1,1 %"
CH,780021788,CH DE LA MAULDRE,M12,593,584,1 à 10,0,"36,6 %","83,84","12,05","7,8 %"
CH,780110011,CH FRANCOIS QUESNAY MANTES LA JOLIE,M12,25 917,17 297,8 620,7 470,"43,2 %","46,84","2,87","1,5 %"
CH,780110037,HÔPITAL PLAISIR GRIGNON,M12,1 881,1 507,374,0,"40,9 %","83,31","8,60","5,2 %"
CH,780110052,CH DE RAMBOUILLET,M12,18 746,12 319,6 427,9 114,"52,1 %","53,24","2,29","1,0 %"
CH,780110078,CH DE VERSAILLES,M12,42 749,30 006,12 743,7 529,"46,6 %","52,59","3,02","1,4 %"
CH,780130027,HL DE HOUDAN,M12,485,469,16,0,"47,4 %","73,61","11,15","32,0 %"
PSPH/EBNL,780150017,CESSRIN DE MAISONS LAFFITTE,M12,24,24,0,12 610,"62,5 %","71,26","0,01","0,0 %"
PSPH/EBNL,780150033,CLAIRE DEMEURE,M12,248,244,1 à 10,0,"48,8 %","73,89","18,11","88,7 %"
PSPH/EBNL,780150058,RÉSIDENCE DENIS FORESTIER,M12,683,672,11,0,"42,9 %","80,12","13,61","27,4 %"
PSPH/EBNL,780150066,CLINIQUE MEDICALE PORTE VERTE,M12,3 297,3 262,35,841,"37,0 %","83,56","7,85","4,3 %"
PSPH/EBNL,780630026,CENTRE PEDIATRIQUE DES COTES,M12,1 476,49,1 427,0,"55,1 %","8,76","0,26","0,0 %"
CH,790000012,CH DE NIORT,M12,37 221,27 838,9 383,39 451,"51,1 %","60,55","2,00","1,3 %"
CH,790006654,CHNDS,M12,20 679,13 189,7 490,1 620,"48,8 %","59,06","3,39","2,1 %"
CH,790019491,CH GHET MS HAUT VAL DE SEVRE ET MELLOIS,M12,598,593,1 à 10,1 à 10,"43,6 %","84,40","13,88","10,0 %"
CH,800000028,CH D'ABBEVILLE,M12,20 470,16 371,4 099,3 398,"48,8 %","54,95","3,98","2,4 %"
CH,800000036,CH D'ALBERT,M12,792,708,84,39,"46,3 %","72,58","6,98","10,0 %"
CHR/U,800000044,CHU D'AMIENS,M12,79 818,56 947,22 871,60 185,"51,0 %","54,17","2,47","1,3 %"
CH,800000051,CH DE CORBIE,M12,802,654,148,23,"54,3 %","65,76","6,53","3,6 %"
CH,800000069,CH DE DOULLENS,M12,3 324,2 438,886,685,"47,3 %","66,36","3,92","2,7 %"
CH,800000077,CH DE HAM,M12,1 200,689,511,29,"54,6 %","60,08","6,00","4,1 %"
CH,800000085,CHIC MONTDIDIER-ROYE,M12,2 202,1 971,231,100,"49,0 %","67,92","6,39","4,5 %"
CH,800000093,CH DE PERONNE,M12,6 643,4 204,2 439,430,"42,7 %","52,94","3,03","1,8 %"
CH,800000135,CHIC DE LA BAIE DE SOMME,M12,369,368,1 à 10,0,"55,3 %","71,14","17,82","15,2 %"
CH,810000331,CH ALBI,M12,17 046,12 587,4 459,3 976,"40,9 %","53,39","3,15","1,8 %"
CH,810000349,CH GAILLAC,M12,720,709,11,1 à 10,"40,4 %","83,61","10,85","9,3 %"
CH,810000380,CHIC CASTRES-MAZAMET,M12,22 131,16 388,5 743,4 610,"44,7 %","55,44","3,71","2,1 %"
CH,810000398,HÔPITAL GRAULHET,M12,314,303,11,0,"43,3 %","81,02","13,76","15,6 %"
PSPH/EBNL,810000448,POLYCLINIQUE SAINTE BARBE,M12,546,544,1 à 10,1 à 10,"38,6 %","85,49","10,71","13,0 %"
CH,810000455,CH LAVAUR,M12,5 049,3 463,1 586,104,"39,0 %","51,23","3,49","2,2 %"
CH,820000016,CH MONTAUBAN,M12,18 331,13 680,4 651,3 601,"47,7 %","53,56","3,45","2,0 %"
CH,820004950,CHIC CASTELSARRASIN-MOISSAC,M12,4 486,2 857,1 629,79,"49,2 %","64,65","4,27","2,9 %"
CH,830100517,CH DE BRIGNOLES,M12,11 686,7 827,3 859,1 010,"42,8 %","54,74","2,85","2,1 %"
CH,830100525,CH DE DRAGUIGNAN,M12,18 178,12 935,5 243,5 132,"44,5 %","53,74","2,89","2,5 %"
CH,830100533,CH DE HYERES,M12,16 635,13 115,3 520,799,"44,0 %","52,64","4,39","2,3 %"
CH,830100566,CHIC FREJUS,M12,24 425,18 669,5 756,6 496,"46,2 %","55,88","3,28","2,4 %"
CH,830100574,HÔPITAL D'INSTRUCTION DES ARMÉES SAINTE-ANNE,M12,16 847,12 937,3 910,11 162,"60,3 %","65,56","2,83","1,9 %"
CH,830100590,CH DE ST-TROPEZ,M12,4 763,3 556,1 207,968,"41,7 %","55,12","2,89","3,4 %"
CH,830100616,CHIC TOULON,M12,55 268,41 168,14 100,26 676,"48,7 %","56,02","2,79","2,2 %"
PSPH/EBNL,830200523,POLYCLINIQUE HENRI MALARTIC,M12,6 688,2 527,4 161,317,"50,6 %","58,60","1,56","0,3 %"
CH,840000012,CH DU PAYS D'APT,M12,4 298,2 669,1 629,1 090,"43,6 %","60,86","2,71","2,5 %"
CH,840000046,CH DE CARPENTRAS,M12,7 317,6 353,964,380,"34,5 %","48,44","5,05","3,4 %"
CH,840000061,CH DE GORDES,M12,71,69,1 à 10,0,"23,9 %","86,30","14,27","11,3 %"
CH,840000079,CH ISLE SUR LA SORGUE,M12,120,118,1 à 10,0,"47,5 %","71,49","19,04","77,5 %"
CH,840000087,CH LOUIS GIORGI D'ORANGE,M12,12 194,9 159,3 035,975,"41,7 %","52,82","4,26","2,7 %"
CH,840000103,HL DE SAULT,M12,20,19,1 à 10,0,"30,0 %","83,05","3,30","5,0 %"
CH,840000111,CH VAISON LA ROMAINE,M12,1 636,1 327,309,1 à 10,"46,3 %","71,83","4,95","7,1 %"
CH,840000129,CH DE VALREAS,M12,1 351,991,360,0,"44,9 %","70,44","5,93","5,8 %"
PSPH/EBNL,840000350,CLINIQUE SAINTE CATHERINE,M12,4 545,3 653,892,70 855,"46,0 %","64,95","0,32","0,4 %"
CH,840004659,CHIC CAVAILLON-LAURIS,M12,8 161,5 234,2 927,1 576,"43,0 %","55,09","2,72","2,0 %"
CH,840006597,CH HENRI DUFFAUT AVIGNON,M12,51 587,37 636,13 951,22 680,"51,7 %","53,40","2,85","1,8 %"
PSPH/EBNL,840019053,GCS UNITE SENOLOGIQUE VENTOUX,M12,74,74,0,0,"1,4 %","65,15","3,35","0,0 %"
CH,850000019,CHD VENDEE,M12,57 407,40 619,16 788,53 547,"52,5 %","59,25","2,06","1,3 %"
CH,850000035,CH DE FONTENAY LE COMTE,M12,7 378,6 791,587,604,"43,2 %","49,45","4,97","3,1 %"
CH,850000043,CH DUMONTE,M12,277,190,87,0,"43,0 %","68,33","3,39","4,0 %"
CH,850000084,CH COTE DE LUMIERE,M12,13 895,10 064,3 831,2 484,"49,2 %","60,13","3,36","2,4 %"
CH,850009010,CH LOIRE VENDEE OCEAN,M12,15 300,10 750,4 550,1 431,"47,2 %","62,10","4,01","2,9 %"
CH,850025867,CH DES COLLINES VENDEENNES,M12,322,321,1 à 10,1 à 10,"44,6 %","80,58","8,79","5,5 %"
CH,860013382,GROUPEMENT HOSPITALIER NORD-VIENNE,M12,17 259,12 951,4 308,2 619,"47,5 %","58,68","3,48","2,3 %"
CHR/U,860014208,CHU DE POITIERS,M12,82 122,56 699,25 423,74 593,"49,7 %","57,65","2,20","1,2 %"
CHR/U,870000015,CHU LIMOGES,M12,70 659,49 220,21 439,54 023,"48,8 %","57,30","2,27","1,2 %"
CH,870000023,CH ST JUNIEN,M12,8 144,5 162,2 982,1 466,"47,5 %","62,63","3,40","1,5 %"
CH,870000031,CH J BOUTARD ST YRIEIX,M12,4 115,3 081,1 034,1 095,"51,1 %","75,07","4,87","3,6 %"
CH,870014248,CHIC MONTS ET BARRAGES,M12,189,188,1 à 10,0,"44,4 %","83,52","16,37","27,0 %"
CH,870014503,CHIC DU HAUT-LIMOUSIN,M12,787,764,23,97,"50,9 %","82,21","16,96","10,9 %"
CH,880007059,CHIC EMILE DURKHEIM EPINAL,M12,20 344,14 317,6 027,17 612,"45,4 %","59,49","2,36","1,4 %"
CH,880007299,CHIC DE L'OUEST VOSGIEN,M12,15 090,9 557,5 533,1 365,"48,6 %","59,50","3,18","2,1 %"
CH,880780069,CH GERARDMER,M12,555,542,13,0,"37,7 %","77,12","10,10","6,7 %"
CH,880780077,CH SAINT DIE,M12,15 513,10 546,4 967,1 378,"47,0 %","55,32","3,62","2,1 %"
CH,880780093,CH REMIREMONT,M12,15 233,11 102,4 131,1 595,"46,7 %","50,84","3,91","1,9 %"
CH,880780259,HL BRUYERES,M12,41,41,0,0,"34,1 %","85,32","5,22","4,9 %"
CH,880780325,HL FRAIZE,M12,102,102,0,0,"37,3 %","83,24","26,62","6,9 %"
CH,880780333,HL LAMARCHE,M12,72,72,0,0,"52,8 %","80,57","25,63","29,2 %"
CH,880780366,HL SENONES,M1,1 à 10,1 à 10,0,0,"50,0 %","80,00","18,50","25,0 %"
CH,890000037,CH AUXERRE,M12,29 302,23 284,6 018,13 949,"49,1 %","56,30","3,01","1,7 %"
CH,890000052,CHS D'AUXERRE,M12,527,195,332,0,"75,1 %","44,38","5,60","0,0 %"
CH,890000409,CH D'AVALLON,M12,2 211,1 803,408,80,"47,7 %","70,00","7,33","6,6 %"
CH,890000417,CH DE JOIGNY,M12,3 112,2 537,575,15,"47,9 %","68,95","7,74","4,8 %"
CH,890000433,CH DU TONNERROIS,M12,2 158,1 985,173,50,"48,1 %","72,02","6,81","6,6 %"
CH,890970569,CH SENS,M12,19 615,15 289,4 326,11 260,"50,0 %","57,98","3,04","1,7 %"
CH,900000365,HÔPITAL NORD FRANCHE COMTE,M12,57 451,38 745,18 706,52 709,"48,9 %","58,40","2,25","1,4 %"
CH,910002773,CH SUD-FRANCILIEN,M12,50 960,37 648,13 312,15 869,"45,8 %","46,88","3,29","1,4 %"
CH,910019447,CHIC SUD ESSONNE-DOURDAN-ETAMPES,M12,15 455,10 950,4 505,1 663,"46,0 %","47,07","3,92","1,6 %"
CH,910110014,CH D'ARPAJON,M12,12 854,9 179,3 675,276,"40,8 %","39,38","3,78","1,9 %"
CH,910110055,GROUPEMENT HOSPITALIER NORD ESSONNE,M12,27 335,21 341,5 994,3 775,"44,9 %","48,05","4,03","2,2 %"
CH,910110063,CH D'ORSAY,M12,12 974,9 939,3 035,296,"43,5 %","38,16","4,10","1,3 %"
PSPH/EBNL,910150010,CH F.H. MANHES,M12,656,143,513,11 910,"61,9 %","67,97","0,04","0,0 %"
PSPH/EBNL,910150028,CH DE BLIGNY,M12,4 919,4 394,525,3 715,"49,6 %","65,88","4,07","3,5 %"
PSPH/EBNL,910150069,HÔPITAL LES MAGNOLIAS,M12,2 982,2 082,900,0,"34,1 %","84,49","7,51","4,6 %"
PSPH/EBNL,910500040,GH LES CHEMINOTS CENTRE MOYEN SEJOUR,M12,94,94,0,0,"59,6 %","70,70","24,33","56,4 %"
CLCC,910813732,CLCC DE PROTONTHERAPIE ORSAY,M12,0,0,0,10 113,"47,5 %","42,99","0,00","0,0 %"
CLCC,920000460,CLCC RENE HUGUENIN INSTITUT CURIE,M12,7 125,4 088,3 037,51 594,"23,6 %","60,76","0,33","0,2 %"
PSPH/EBNL,920000635,HÔPITAL SUISSE DE PARIS,M12,1 337,1 309,28,40,"39,5 %","74,71","9,25","2,0 %"
PSPH/EBNL,920000643,INSTITUT HOSPITALIER FRANCO-BRITANIQUE - SITE KLEBER,M12,17 963,13 441,4 522,4 139,"37,4 %","44,19","3,16","0,9 %"
PSPH/EBNL,920000650,HÔPITAL FOCH,M12,41 733,29 899,11 834,15 037,"50,6 %","56,01","2,64","1,1 %"
PSPH/EBNL,920000684,CENTRE CHIRURGICAL MARIE LANNELONGUE,M12,9 543,7 046,2 497,43,"60,6 %","55,76","5,20","1,4 %"
CH,920009909,CH DES QUATRE VILLES,M12,19 170,13 526,5 644,8 876,"39,3 %","53,56","2,52","0,7 %"
CH,920026374,CH RIVES DE SEINE,M12,16 474,13 100,3 374,0,"36,1 %","39,89","4,12","2,6 %"
CH,920110020,CASH DE NANTERRE,M12,10 623,7 863,2 760,173,"43,3 %","46,17","4,25","1,3 %"
CH,920110053,CH DEPARTEMENTAL STELL,M12,1 518,1 508,1 à 10,0,"39,9 %","82,44","10,09","3,7 %"
CH,920120011,HÔPITAL D'INSTRUCTION DES ARMÉES PERCY,M12,14 106,10 564,3 542,3 908,"56,6 %","60,80","3,84","1,7 %"
PSPH/EBNL,920300845,MAISON MEDICALE N.D. DU LAC RUEIL,M12,606,486,120,0,"42,6 %","72,13","12,70","64,9 %"
CH,930021480,GHI LE RAINCY-MONTFERMEIL,M12,29 731,22 200,7 531,15 716,"46,0 %","54,45","2,67","1,6 %"
CH,930110036,CH ANDRE GREGOIRE,M12,24 620,19 844,4 776,11 207,"43,6 %","45,06","3,27","1,1 %"
CH,930110051,CH DE ST DENIS,M12,33 380,24 573,8 807,1 589,"39,7 %","33,77","4,23","1,7 %"
CH,930110069,CH ROBERT BALLANGER,M12,30 014,23 079,6 935,4 377,"45,1 %","40,70","3,94","1,5 %"
PSPH/EBNL,930150032,MATERNITE DES LILAS,M12,4 207,3 194,1 013,56,"19,0 %","19,56","2,83","0,2 %"
PSPH/EBNL,940000649,HÔPITAL SAINT-CAMILLE,M12,19 980,13 914,6 066,2 577,"52,3 %","47,44","3,57","1,9 %"
CLCC,940000656,CLCC HÔPITAL GUSTAVE ROUSSY,M12,897,894,1 à 10,2 549,"40,7 %","60,38","3,80","3,5 %"
CLCC,940000664,INSTITUT GUSTAVE ROUSSY,M12,25 871,18 423,7 448,95 845,"41,7 %","56,49","0,91","0,5 %"
CH,940016819,LES HÔPITAUX DE SAINT-MAURICE,M12,8 517,7 466,1 051,13 301,"42,9 %","51,16","1,11","0,1 %"
CH,940110018,CHIC DE CRETEIL,M12,38 307,26 182,12 125,21 168,"40,1 %","44,55","2,23","0,9 %"
CH,940110042,CHIC DE VILLENEUVE ST GEORGES,M12,30 721,22 704,8 017,1 605,"45,9 %","40,23","3,72","1,5 %"
CH,940120017,HÔPITAL D'INSTRUCTION DES ARMÉES BEGIN,M12,14 408,9 939,4 469,2 711,"51,7 %","60,80","3,04","1,3 %"
PSPH/EBNL,950000406,HÔPITAL FONDATION CHANTEPIE MANCIER,M12,492,489,1 à 10,0,"30,3 %","86,10","13,79","6,9 %"
CH,950001370,GH CARNELLE-PORTES DE L'OISE,M12,12 192,9 481,2 711,377,"42,0 %","41,30","4,31","1,9 %"
CH,950013870,GHEM EAUBONNE MONTMORENCY SIMONE VEIL,M12,33 891,23 758,10 133,3 672,"46,2 %","50,07","3,51","1,8 %"
CH,950015289,GROUPEMENT HOSPITALIER INTERCOMMUNAL DU VEXIN,M12,1 311,991,320,1 à 10,"47,9 %","60,88","6,08","6,3 %"
CH,950110015,CH VICTOR DUPOUY ARGENTEUIL,M12,35 463,25 957,9 506,18 606,"44,9 %","53,37","2,69","1,7 %"
CH,950110049,CH DE GONESSE,M12,31 170,24 087,7 083,3 150,"45,2 %","41,43","3,81","1,4 %"
CH,950110080,HÔPITAL NOVO,M12,48 312,35 924,12 388,23 357,"46,4 %","49,18","2,69","1,3 %"
PSPH/EBNL,950630012,CENTRE THÉRAPEUTIQUE PEDIATRIQUE MARGENCY,M12,289,288,1 à 10,1 à 10,"49,1 %","9,05","4,91","0,0 %"
CH,970100160,HL IRÉNÉE DE BRUYN,M12,956,675,281,0,"55,6 %","50,51","2,41","2,3 %"
CH,970100178,CH DE LA BASSE TERRE,M12,11 945,8 901,3 044,1 404,"43,0 %","49,97","3,84","1,6 %"
CH,970100186,CH LOUIS CONSTANT FLEMING,M12,5 768,4 099,1 669,86,"39,3 %","36,48","3,07","1,2 %"
CH,970100202,CH SAINTE-MARIE,M12,1 194,719,475,16,"55,3 %","59,35","3,11","2,6 %"
CHR/U,970100228,CHU DE LA GUADELOUPE,M12,36 548,25 107,11 441,16 635,"47,3 %","49,86","3,06","1,3 %"
CH,970202156,HÔPITAL DU MARIN,M12,1 218,1 206,12,0,"52,0 %","70,59","5,85","3,0 %"
CH,970202164,HÔPITAL DE SAINT-ESPRIT,M12,602,598,1 à 10,0,"71,3 %","63,68","12,27","7,1 %"
CH,970202222,HL DU FRANCOIS,M1,28,28,0,0,"46,4 %","66,57","10,86","3,6 %"
CHR/U,970211207,CHU DE MARTINIQUE,M12,55 088,40 979,14 109,64 601,"51,8 %","57,20","2,07","1,2 %"
PSPH/EBNL,970300265,CENTRE MÉDICO-CHIRURGICAL DE KOUROU,M12,7 446,5 706,1 740,332,"42,4 %","33,88","3,35","0,5 %"
CH,970302022,CH DE CAYENNE,M12,21 685,19 341,2 344,11 694,"45,3 %","38,48","4,38","1,1 %"
CH,970302121,CH FRANK JOLY,M12,10 889,9 948,941,374,"32,3 %","23,68","4,04","0,9 %"
CH,970403606,GH EST REUNION,M12,17 686,12 685,5 001,9 767,"48,0 %","49,77","2,02","0,7 %"
CHR/U,970408589,CHU DE LA REUNION,M12,93 240,70 373,22 867,48 553,"49,1 %","46,59","2,75","1,1 %"
CH,970421038,CH OUEST REUNION,M12,19 995,15 754,4 241,686,"42,7 %","39,42","3,73","0,9 %"
CH,970500005,CENTRE HOSPITALIER FRANÇOIS DUNAN,M12,1 117,803,314,77,"43,5 %","53,75","6,10","2,2 %"
CH,980500003,CH DE MAYOTTE,M12,35 499,29 270,6 229,2 120,"34,2 %","21,58","4,07","1,0 %"
,,Total,,NA,NA,NA,NA,"47,3 %","54,89","2,64","1,4 %"
